# ************************************************************
# Sequel Pro SQL dump
# Version 4541
#
# http://www.sequelpro.com/
# https://github.com/sequelpro/sequelpro
#
# Hôte: localhost (MySQL 5.6.35)
# Base de données: Roger
# Temps de génération: 2017-03-13 11:04:25 +0000
# ************************************************************


/*!40101 SET @OLD_CHARACTER_SET_CLIENT=@@CHARACTER_SET_CLIENT */;
/*!40101 SET @OLD_CHARACTER_SET_RESULTS=@@CHARACTER_SET_RESULTS */;
/*!40101 SET @OLD_COLLATION_CONNECTION=@@COLLATION_CONNECTION */;
/*!40101 SET NAMES utf8 */;
/*!40014 SET @OLD_FOREIGN_KEY_CHECKS=@@FOREIGN_KEY_CHECKS, FOREIGN_KEY_CHECKS=0 */;
/*!40101 SET @OLD_SQL_MODE=@@SQL_MODE, SQL_MODE='NO_AUTO_VALUE_ON_ZERO' */;
/*!40111 SET @OLD_SQL_NOTES=@@SQL_NOTES, SQL_NOTES=0 */;


INSERT INTO `comments` (`comment_id`, `profile_id`, `post_id`, `comment_text`, `comment_time`)
VALUES
	(6,4,2,'comment---21c6767f95cf124b',1489323653),
	(8,7,6,'comment---239f419a2f2fb96d',1489324312),
	(9,7,4,'comment---cb7b56134f0a037c',1489324397),
	(12,1,2,'comment---386ecd8a2dc9e66d',1489324399),
	(13,1,6,'comment---07a11dca80ea3c1e',1489324400),
	(14,10,6,'comment---5c9c40aad3d9ca91',1489324401),
	(15,7,6,'comment---fe14333c48982047',1489324422),
	(16,1,8,'comment---c369dc070221cfb5',1489324432),
	(17,4,10,'comment---c369dc070221cfb5',1489324432),
	(18,1,8,'comment---b93f0eab2a135ee1',1489324461),
	(19,13,16,'comment---fba95428b9ce1057',1489324484),
	(20,6,17,'comment---67d4e0fa633b6996',1489324507),
	(21,9,10,'comment---267e2c188f223377',1489324749),
	(22,10,18,'comment---af6ae61aee5b8082',1489324760),
	(23,18,17,'comment---096c8ed7e935d2ed',1489324761),
	(24,2,19,'comment---82766232ed7186c3',1489324776),
	(25,22,16,'comment---712a6c532b2e92ba',1489324789),
	(26,17,24,'comment---c15aeddca6e7cea8',1489324798),
	(27,18,17,'comment---902d9ae3b1e4da38',1489324799),
	(28,21,4,'comment---860dfddb47a7ccc3',1489324800),
	(29,21,2,'comment---860dfddb47a7ccc3',1489324800),
	(30,24,10,'comment---23efb95c5e24a5d0',1489324801),
	(31,15,6,'comment---9d7bf44d2fbe43da',1489324802),
	(32,25,15,'comment---b21597396b80f06a',1489324803),
	(33,27,24,'comment---b089a5c269d2a252',1489324815),
	(34,19,18,'comment---b089a5c269d2a252',1489324815),
	(35,8,22,'comment---3f14139afe601572',1489324816),
	(36,10,7,'comment---a060d3c6040c06f7',1489324827),
	(37,14,15,'comment---c3006b69c4521202',1489324827),
	(38,25,20,'comment---31a74780fdef3ebf',1489324828),
	(39,29,4,'comment---e9e977d070da3a52',1489324830),
	(40,21,24,'comment---e28126f7af5c20b0',1489324849),
	(41,31,8,'comment---759280edaab4660f',1489324851),
	(42,1,18,'comment---0f9d598538015e16',1489324852),
	(43,29,19,'comment---0f9d598538015e16',1489324852),
	(44,26,13,'comment---d1d2b9b16b5eca06',1489324863),
	(45,32,27,'comment---3b1f6e66e7503f25',1489324864),
	(46,34,21,'comment---21cdcf8192f4afe3',1489324866),
	(47,35,26,'comment---f391712321fa683a',1489324867),
	(48,6,23,'comment---c9e5f33f54a46e15',1489324888),
	(49,27,26,'comment---3b1a61dfae5e6804',1489324889),
	(50,27,28,'comment---cf7b280ab4a39b57',1489324909),
	(51,17,21,'comment---0b54d9386351e4e2',1489324931),
	(52,40,37,'comment---c930d0687d59e0b6',1489324950),
	(53,5,7,'comment---8ac25863d7187a12',1489324962),
	(54,42,33,'comment---a7e1c6c36f2339d5',1489324964),
	(55,22,38,'comment---e3d7c26c5e77ac05',1489324966),
	(56,46,32,'comment---fa40807fd1658a77',1489324979),
	(57,47,34,'comment---26862fa4477e25a7',1489324980),
	(58,16,39,'comment---80c84bf2a51444dd',1489324981),
	(59,44,26,'comment---fcab2bd263265807',1489324982),
	(60,5,38,'comment---fcab2bd263265807',1489324982),
	(61,8,37,'comment---06182250e6bbbde1',1489324983),
	(62,48,31,'comment---06182250e6bbbde1',1489324983),
	(63,33,12,'comment---b29c609e5db371a5',1489324984),
	(64,15,12,'comment---d0195aa7643754ff',1489324985),
	(65,39,16,'comment---2b23701c5927772d',1489324987),
	(66,32,34,'comment---dd88417d695bd3a5',1489324990),
	(67,52,35,'comment---545f66647fb5a9ce',1489325000),
	(68,25,6,'comment---05df4f67906750c9',1489325032),
	(69,47,31,'comment---41cb430555089086',1489325045),
	(70,57,13,'comment---2768882c5f53eb7b',1489325056),
	(71,62,34,'comment---57ac0f7b21bdff53',1489325091),
	(72,33,34,'comment---57ac0f7b21bdff53',1489325091),
	(73,3,35,'comment---0fcff0567a5fe51b',1489325093),
	(74,50,4,'comment---39e23732678d0963',1489325105),
	(75,3,4,'comment---c87e27f2865c8612',1489325108),
	(76,18,7,'comment---c87e27f2865c8612',1489325108),
	(77,66,6,'comment---c0ba2dbf1059ccb0',1489325109),
	(78,67,18,'comment---b91faff492b7842e',1489325113),
	(79,16,32,'comment---1823e543de6c228f',1489325131),
	(80,47,15,'comment---91ea43f173a420a5',1489325132),
	(81,70,17,'comment---4f4e1f24f7999a0c',1489325133),
	(82,4,27,'comment---4f4e1f24f7999a0c',1489325133),
	(83,71,35,'comment---e2fecd88d19348d1',1489325144),
	(84,8,49,'comment---b2d788dfcc121f7c',1489325153),
	(85,20,45,'comment---8d667affbc3d23eb',1489325154),
	(86,74,16,'comment---2f06dce1af62b2e7',1489325156),
	(87,56,51,'comment---5ce5dce59aa9a6a5',1489325157),
	(88,33,20,'comment---186aced1c3f13c4e',1489325160),
	(90,19,26,'comment---6e26ace753acf4d9',1489325170),
	(91,77,34,'comment---d5ddae350b3a729c',1489325171),
	(92,13,40,'comment---8e79c9d160cd7161',1489325172),
	(93,24,42,'comment---149b1736c9f34a26',1489325175),
	(94,82,8,'comment---64f229b7f1b0f698',1489325184),
	(95,83,50,'comment---951f39701c8d4a74',1489325185),
	(96,81,27,'comment---de7249a2b31490d7',1489325193),
	(97,85,35,'comment---489249d70adf6131',1489325193),
	(98,48,25,'comment---04047537f2292dc1',1489325213),
	(99,46,38,'comment---8f981582d65caeaa',1489325224),
	(100,7,12,'comment---8f981582d65caeaa',1489325224),
	(101,37,49,'comment---2da516e4e8db2960',1489325226),
	(102,88,32,'comment---be46ec1b95a519de',1489325227),
	(103,62,47,'comment---6089a77ea9fb1c5a',1489325237),
	(104,15,50,'comment---6089a77ea9fb1c5a',1489325237),
	(105,90,34,'comment---01a73d606c171ab4',1489325239),
	(106,91,28,'comment---496f82591b0fa1bb',1489325240),
	(107,16,55,'comment---5457df27a57fc153',1489325241),
	(108,92,53,'comment---5457df27a57fc153',1489325241),
	(109,96,57,'comment---3455a89659f6e329',1489325274),
	(110,97,7,'comment---b5aa6646dd2b03a1',1489325285),
	(111,35,4,'comment---672a7f1d230fa9e0',1489325292),
	(112,59,32,'comment---8ab868b8bf67950c',1489325293),
	(113,19,20,'comment---d588d1df602a2fb6',1489325304),
	(114,78,56,'comment---85a0b27c3305695e',1489325309),
	(115,71,61,'comment---16639521d9a4f6a8',1489325310),
	(116,103,39,'comment---fc268e4df26ec088',1489325312),
	(117,90,29,'comment---ec0cf709745c3aec',1489325314),
	(118,105,53,'comment---14797aa211c64de9',1489325315),
	(119,54,36,'comment---17069fa09bb03a6d',1489329548),
	(120,109,54,'comment---79492a5ee609c282',1489329550),
	(121,112,26,'comment---e70ce546d5446211',1489329590),
	(122,26,49,'comment---f3f79b4d23c865f4',1489329591),
	(123,113,46,'comment---f3f79b4d23c865f4',1489329591),
	(124,2,65,'comment---fc284e64690351d9',1489329601),
	(125,94,53,'comment---6b0e3fb2687b053f',1489329615),
	(126,114,6,'comment---6b0e3fb2687b053f',1489329615),
	(127,74,59,'comment---2aa34e6afe34cb90',1489329617),
	(128,94,30,'comment---6abf195cfc3754ba',1489329618),
	(129,103,66,'comment---cd794092ec2e7ab1',1489329630),
	(130,88,32,'comment---c6088a2ccfe5957f',1489329631),
	(131,108,59,'comment---c6088a2ccfe5957f',1489329631),
	(132,61,49,'comment---ae0c268b4a42276c',1489329632),
	(133,43,19,'comment---916ee1373542b0f6',1489329633),
	(134,119,38,'comment---916ee1373542b0f6',1489329633),
	(135,120,52,'comment---b219fa895a2c98da',1489329634),
	(136,69,37,'comment---35953d85960c6e52',1489329677),
	(137,125,2,'comment---b5bfaaba6b01e5e5',1489329695),
	(138,127,16,'comment---396ca5d0129027fd',1489329714),
	(139,128,57,'comment---66741825d209b860',1489329726),
	(140,121,24,'comment---8ef848c41a03e434',1489329727),
	(141,31,71,'comment---3f1df428bc1f72b3',1489329738),
	(142,29,33,'comment---3eb4b7d7b2cc495e',1489329739),
	(143,129,57,'comment---bdde45849241b2d0',1489329740),
	(144,26,75,'comment---7972d35397eabf90',1489329741),
	(145,130,21,'comment---73b29a474c9d3010',1489329742),
	(146,92,31,'comment---1eb66f48cb34af6f',1489329745),
	(147,56,63,'comment---62cb07c32756ab21',1489329747),
	(148,110,37,'comment---62cb07c32756ab21',1489329747),
	(149,29,46,'comment---389e975c5150f232',1489329748),
	(150,135,9,'comment---26432a318b85e217',1489329750),
	(151,60,37,'comment---9ef820ff7fd0a34a',1489329769),
	(152,138,75,'comment---514ae62b22cdef06',1489329836),
	(153,96,63,'comment---67afeb4e25be87d5',1489329837),
	(154,4,10,'comment---e188e17c82aa754b',1489329839),
	(155,140,74,'comment---c937b71a7ce4a21f',1489329844),
	(156,141,20,'comment---8c0c9c31915bd79f',1489329845),
	(157,142,28,'comment---bee80d0b54aa29f8',1489329848),
	(158,58,10,'comment---bee80d0b54aa29f8',1489329848),
	(159,81,23,'comment---031d950ba0665769',1489329849),
	(160,144,15,'comment---4b994cc1fb05baf6',1489329852),
	(161,112,60,'comment---8fa18de989c8c76f',1489329853),
	(162,145,51,'comment---c80ade069a79e88a',1489329854),
	(163,115,79,'comment---c80ade069a79e88a',1489329854),
	(164,42,76,'comment---976f6445e7496e86',1489329883),
	(165,70,20,'comment---e866079acb2e152e',1489329885),
	(166,79,31,'comment---bbbe9cffe1847ccb',1489329888),
	(167,100,75,'comment---565a4b41b3b8105a',1489329889),
	(168,24,72,'comment---d70c59ae3f1f3574',1489329924),
	(169,130,79,'comment---1c33d872e7b97e55',1489329925),
	(170,111,40,'comment---1c33d872e7b97e55',1489329925),
	(171,138,68,'comment---fbd76bcf1fa44d82',1489329926),
	(172,77,44,'comment---fbd76bcf1fa44d82',1489329926),
	(173,97,86,'comment---91d03cca5a0b538b',1489329938),
	(174,123,47,'comment---9488518d7ab46bac',1489329940),
	(175,124,73,'comment---9488518d7ab46bac',1489329940),
	(176,120,87,'comment---1af77cec89b9e208',1489329950),
	(177,79,16,'comment---fce640e01e3e6bbc',1489329951),
	(178,34,30,'comment---89a0306b1d5d4c6a',1489329991),
	(179,146,2,'comment---11672953e0fdce40',1489330021),
	(180,137,84,'comment---5e93335b7ec976db',1489330022),
	(181,50,98,'comment---cb3978fc2384f45a',1489330024),
	(182,152,82,'comment---070428a0d68e48dd',1489330025),
	(183,156,43,'comment---070428a0d68e48dd',1489330025),
	(184,158,73,'comment---59209aec7903cf25',1489330026),
	(185,160,50,'comment---5220535057e4d198',1489330036),
	(186,155,75,'comment---637a805010f2d7c6',1489330037),
	(187,97,74,'comment---a3b2eb7c899b46ad',1489330048),
	(188,17,16,'comment---a3b2eb7c899b46ad',1489330048),
	(190,117,19,'comment---3975145e12ec11ff',1489330063),
	(191,24,69,'comment---4145b94d33428e8c',1489330065),
	(192,135,24,'comment---4b97e9c7dc3b1c0e',1489330075),
	(193,166,7,'comment---31d7a711247d8faf',1489330085),
	(194,60,59,'comment---60bca3208bf53966',1489330112),
	(195,42,10,'comment---e5b6aece76307507',1489330123),
	(196,170,29,'comment---c3e34e891909ec96',1489330147),
	(197,135,45,'comment---58b5d813ebb1c537',1489330172),
	(198,174,47,'comment---29a963c499b2e06a',1489330194),
	(199,59,108,'comment---29a963c499b2e06a',1489330194),
	(200,124,86,'comment---25519a783dbd8e83',1489330195),
	(202,179,18,'comment---bdcdb0cc81d477d7',1489330210),
	(203,183,30,'comment---7b0c29132c923468',1489330233),
	(204,184,4,'comment---682b936b727c4ee5',1489330244),
	(205,186,80,'comment---e02b3884ac2bb910',1489330261),
	(206,138,95,'comment---2031b5346dd879ea',1489330268),
	(207,87,83,'comment---9b8bb0b466a31648',1489330303),
	(208,184,20,'comment---1130732c0784546d',1489330306),
	(209,189,110,'comment---5a7c103ff920be3c',1489330314),
	(210,176,110,'comment---27f5dad3e5c401cd',1489330316),
	(211,12,59,'comment---98de35cbed7bb63d',1489330317),
	(212,147,29,'comment---de4851abca0c6f06',1489330329),
	(213,191,67,'comment---de4851abca0c6f06',1489330329),
	(214,148,82,'comment---24428635d08f71e1',1489330352),
	(215,193,119,'comment---73f06033586614e3',1489330353),
	(216,195,11,'comment---55640af6a5b60a25',1489330366),
	(217,43,92,'comment---cd9a7c0b708c3611',1489330368),
	(218,197,23,'comment---455f85d4c5dacbeb',1489330387),
	(219,160,77,'comment---dfb3eddcfae060d1',1489330404),
	(220,42,116,'comment---abbbbde2713f5166',1489330409),
	(221,200,46,'comment---7394a923d1049240',1489330446),
	(222,162,14,'comment---23c88411874cea59',1489330462),
	(223,52,13,'comment---094e7dd789cbd610',1489330477),
	(224,202,90,'comment---27737a9f8ba0dc4a',1489330479),
	(225,1,62,'comment---27737a9f8ba0dc4a',1489330479),
	(226,204,124,'comment---0a3094757d77a3a1',1489330490),
	(227,201,103,'comment---3a00bd77349ad546',1489330492),
	(228,206,114,'comment---5ddb9576f1948a37',1489330493),
	(229,79,117,'comment---bb465a9fc1a9a74a',1489330505),
	(230,203,115,'comment---e450db98e4d4ec0b',1489330507),
	(231,208,30,'comment---fc4ede17b321f861',1489330509),
	(232,169,52,'comment---7f850ea78dcb2cae',1489330518),
	(233,211,24,'comment---6224132183860028',1489330520),
	(234,212,7,'comment---00bd5ff4afcdc881',1489330525),
	(235,213,125,'comment---debc3fe33d9b47ca',1489330546),
	(236,214,68,'comment---2e75b907c88257fe',1489330548),
	(237,83,55,'comment---817a3afd36b09ef2',1489330575),
	(238,137,44,'comment---78a0e5af5ecdf362',1489330583),
	(239,47,21,'comment---7b28ecd614c68c23',1489330585),
	(240,140,125,'comment---95d0fdf72f184089',1489330628),
	(241,178,113,'comment---afd494d9b32d1cb2',1489330631),
	(242,65,37,'comment---d5627e7bec5ad1da',1489330644),
	(243,27,104,'comment---eec86c918da0efdd',1489330646),
	(244,221,26,'comment---367a864849275ba1',1489330655),
	(245,193,103,'comment---36dfe7c12b7a5593',1489330659),
	(246,105,41,'comment---a3323e2e562042b0',1489330663),
	(247,212,61,'comment---7867f7a8eaace4bc',1489330667),
	(248,10,135,'comment---08fe5667733aa3cc',1489330682),
	(249,224,105,'comment---78f48a9816da69a9',1489330694),
	(250,88,125,'comment---b864654c93d4db20',1489330699),
	(251,174,103,'comment---38cc2a78e4b52bb6',1489330710),
	(252,42,81,'comment---d5dd7f9b0fd7cf04',1489330738),
	(253,74,35,'comment---241a1549803f7d1c',1489330751),
	(254,212,12,'comment---41e8665b509644e9',1489330754),
	(255,130,106,'comment---65495865ec1bf65b',1489330774),
	(256,219,137,'comment---cc6f1777455683f7',1489330787),
	(257,44,8,'comment---0761dee550d30a07',1489330789),
	(258,111,68,'comment---a9cd4fd9ab00a998',1489330797),
	(259,227,73,'comment---e85b4aff3f68d674',1489330799),
	(260,19,40,'comment---6270b676724b3b37',1489330837),
	(261,108,99,'comment---6b12a57ce5cab2ee',1489330856),
	(262,231,17,'comment---08a940e116e9fe32',1489330863),
	(263,236,45,'comment---d97f545dac70f314',1489330916),
	(264,7,136,'comment---d1d334edcd85427e',1489330931),
	(265,162,44,'comment---1035ae09186bb390',1489330936),
	(266,25,45,'comment---b16b0b807823e1fe',1489330941),
	(267,87,84,'comment---4de2edb26103d16c',1489330955),
	(268,238,86,'comment---21795932aefeaa7f',1489330973),
	(269,100,123,'comment---9950c0e33445fcbf',1489330991),
	(270,235,51,'comment---1e478f4a04983a35',1489331024),
	(271,144,103,'comment---853af37150594209',1489331048),
	(272,243,26,'comment---e6fab591c3c1319d',1489331095),
	(273,214,39,'comment---35f475f6cc252dd2',1489331105),
	(274,1,29,'comment---ca6be0cd5ca4bde9',1489331106),
	(275,137,58,'comment---2610073a19f316fa',1489331139),
	(276,162,159,'comment---dc6a547f6d0c6a9c',1489331140),
	(277,83,59,'comment---7bf2a5f41e072cfd',1489331193),
	(278,226,163,'comment---b9b48cc94ccb100c',1489331196),
	(279,249,22,'comment---48dc19ddfbae3706',1489331200),
	(280,35,154,'comment---ad73bc3f40afda01',1489331201),
	(281,172,115,'comment---ad43ab4ba4eb382c',1489331202),
	(282,230,38,'comment---7423fcff75916289',1489331203),
	(283,196,25,'comment---390848dfb4b5bab0',1489331204),
	(284,251,52,'comment---ccd207d1c19c8b1a',1489331205),
	(285,94,140,'comment---4080fcc39c3a1f50',1489331216),
	(286,162,138,'comment---2175f496d25433f7',1489331217),
	(287,186,37,'comment---e2cbf970cdf0bad1',1489331219),
	(288,209,62,'comment---e2cbf970cdf0bad1',1489331219),
	(289,257,150,'comment---06cf60b71bb6933b',1489332815);



INSERT INTO `followings` (`follower_id`, `followed_id`, `following_time`, `follower_subscribed`, `follow_confirmed`)
VALUES
	(1,108,1489329602,0,1),
	(32,174,1489330657,0,1),
	(53,87,1489330866,0,1),
	(55,1,1489329486,0,1),
	(55,162,1489330354,0,1),
	(65,87,1489329725,0,1),
	(66,1,1489329498,0,1),
	(87,156,1489330787,0,1),
	(94,21,1489329527,0,1),
	(106,118,1489329770,0,1),
	(119,117,1489329912,0,1),
	(122,32,1489330234,0,1),
	(123,128,1489329856,0,1),
	(126,110,1489330957,0,1),
	(130,33,1489330651,0,1),
	(137,64,1489330506,0,1),
	(141,106,1489330011,0,1),
	(155,69,1489330001,0,1),
	(157,137,1489330023,0,1),
	(158,63,1489330309,0,1),
	(160,138,1489330743,0,1),
	(210,79,1489331071,0,1),
	(222,67,1489330684,0,1),
	(225,22,1489330705,0,1),
	(235,22,1489330911,0,1),
	(240,129,1489331007,0,1);

/*!40000 ALTER TABLE `followings` ENABLE KEYS */;
UNLOCK TABLES;




INSERT INTO `post_likes` (`profile_id`, `post_id`, `like_time`)
VALUES
	(2,2,1489324736),
	(2,4,1489324736),
	(2,12,1489324736),
	(2,13,1489324760),
	(4,2,1489324016),
	(4,4,1489325172),
	(4,6,1489324016),
	(4,16,1489325172),
	(4,44,1489325172),
	(5,2,1489324474),
	(5,6,1489324474),
	(6,2,1489324311),
	(6,4,1489324311),
	(6,6,1489324399),
	(6,7,1489324311),
	(6,10,1489324460),
	(6,17,1489324799),
	(6,20,1489324799),
	(6,25,1489324799),
	(7,2,1489324910),
	(7,12,1489325173),
	(7,16,1489325270),
	(7,19,1489324910),
	(7,20,1489324910),
	(7,22,1489325270),
	(7,38,1489325270),
	(7,46,1489325173),
	(7,50,1489325173),
	(8,2,1489324461),
	(8,4,1489324748),
	(8,6,1489324748),
	(8,10,1489325047),
	(8,11,1489324461),
	(8,13,1489324748),
	(8,14,1489324461),
	(8,21,1489324850),
	(8,25,1489324850),
	(8,27,1489324850),
	(8,32,1489330024),
	(8,35,1489330024),
	(8,43,1489325131),
	(8,57,1489330024),
	(8,58,1489330075),
	(8,73,1489330074),
	(9,6,1489324401),
	(9,7,1489324401),
	(9,8,1489324888),
	(9,11,1489324888),
	(9,24,1489324888),
	(10,13,1489324774),
	(10,16,1489324774),
	(10,22,1489324774),
	(11,35,1489330494),
	(11,55,1489330494),
	(11,107,1489330494),
	(12,7,1489325033),
	(12,12,1489324747),
	(12,13,1489324747),
	(12,19,1489324747),
	(12,20,1489324849),
	(12,21,1489324849),
	(12,29,1489324849),
	(12,41,1489325033),
	(12,44,1489325033),
	(13,20,1489325171),
	(13,22,1489325112),
	(13,27,1489325112),
	(13,32,1489325112),
	(13,43,1489325171),
	(13,49,1489325171),
	(14,2,1489324462),
	(14,8,1489324462),
	(14,10,1489324462),
	(14,86,1489330196),
	(14,93,1489330196),
	(14,107,1489330196),
	(15,2,1489325156),
	(15,14,1489325156),
	(15,21,1489330577),
	(15,38,1489325156),
	(15,40,1489330577),
	(15,64,1489330577),
	(16,2,1489324775),
	(16,15,1489324775),
	(16,18,1489324775),
	(17,6,1489324790),
	(17,15,1489324790),
	(17,21,1489324790),
	(19,4,1489330023),
	(19,10,1489324762),
	(19,11,1489324762),
	(19,17,1489330023),
	(19,20,1489324762),
	(19,21,1489324967),
	(19,22,1489324967),
	(19,30,1489324967),
	(19,86,1489330023),
	(20,2,1489324866),
	(20,9,1489324775),
	(20,10,1489324866),
	(20,11,1489324775),
	(20,15,1489324866),
	(20,18,1489324775),
	(21,6,1489324788),
	(21,8,1489325129),
	(21,10,1489325129),
	(21,11,1489324788),
	(21,23,1489324788),
	(21,39,1489325129),
	(22,8,1489324863),
	(22,11,1489324831),
	(22,12,1489324831),
	(22,16,1489324863),
	(22,19,1489324831),
	(24,25,1489330949),
	(24,40,1489329674),
	(24,49,1489330832),
	(24,50,1489329674),
	(24,91,1489330949),
	(24,102,1489330832),
	(24,131,1489330832),
	(24,139,1489330949),
	(25,2,1489324887),
	(25,4,1489324868),
	(25,16,1489324868),
	(25,18,1489324887),
	(25,25,1489324868),
	(25,27,1489324887),
	(26,7,1489324804),
	(26,9,1489324804),
	(26,10,1489324804),
	(26,16,1489324828),
	(26,23,1489324828),
	(26,27,1489324828),
	(26,44,1489325111),
	(26,46,1489325111),
	(28,8,1489330232),
	(28,40,1489330232),
	(28,114,1489330232),
	(29,41,1489325318),
	(29,53,1489325318),
	(29,60,1489325318),
	(30,12,1489329602),
	(30,25,1489325032),
	(30,29,1489325032),
	(30,38,1489325032),
	(30,48,1489329602),
	(30,66,1489329602),
	(33,2,1489324865),
	(33,6,1489324865),
	(33,14,1489324865),
	(33,29,1489330063),
	(33,73,1489330063),
	(33,79,1489330063),
	(34,12,1489325159),
	(34,14,1489325159),
	(34,28,1489325159),
	(34,50,1489331143),
	(34,57,1489331143),
	(34,135,1489331143),
	(35,8,1489325044),
	(35,18,1489325044),
	(35,43,1489325044),
	(36,9,1489325271),
	(36,16,1489324887),
	(36,25,1489324887),
	(36,26,1489324887),
	(36,32,1489330827),
	(36,47,1489330827),
	(36,57,1489325271),
	(36,92,1489330827),
	(37,12,1489324899),
	(37,15,1489324899),
	(37,18,1489324899),
	(37,27,1489325272),
	(37,31,1489325272),
	(37,52,1489325272),
	(39,4,1489324986),
	(39,10,1489324986),
	(39,35,1489324986),
	(40,2,1489325130),
	(40,11,1489324965),
	(40,14,1489324977),
	(40,15,1489324977),
	(40,29,1489324977),
	(40,32,1489325130),
	(40,38,1489324965),
	(40,39,1489324965),
	(41,6,1489325214),
	(41,9,1489324963),
	(41,18,1489325214),
	(41,27,1489324963),
	(41,37,1489324963),
	(42,4,1489330862),
	(42,18,1489325110),
	(42,22,1489325105),
	(42,24,1489325110),
	(42,31,1489325110),
	(42,35,1489325105),
	(42,46,1489330862),
	(42,47,1489325105),
	(42,102,1489330862),
	(43,15,1489329884),
	(43,26,1489329884),
	(43,41,1489329884),
	(44,2,1489325094),
	(44,14,1489325275),
	(44,24,1489325275),
	(44,30,1489325094),
	(44,46,1489325094),
	(44,52,1489325275),
	(45,23,1489324976),
	(45,37,1489324976),
	(47,15,1489325034),
	(47,26,1489325034),
	(47,34,1489325034),
	(48,18,1489325143),
	(48,33,1489325143),
	(48,37,1489325143),
	(50,8,1489324987),
	(50,10,1489325238),
	(50,17,1489325238),
	(50,25,1489324987),
	(50,37,1489324987),
	(50,42,1489330578),
	(50,53,1489330578),
	(50,74,1489330578),
	(51,17,1489324989),
	(51,30,1489324989),
	(51,37,1489324989),
	(52,9,1489325155),
	(52,22,1489325127),
	(52,25,1489330084),
	(52,27,1489330084),
	(52,29,1489325155),
	(52,31,1489325127),
	(52,45,1489325155),
	(52,96,1489330084),
	(53,2,1489329884),
	(53,28,1489325046),
	(53,38,1489325046),
	(53,45,1489325046),
	(53,60,1489329884),
	(53,73,1489329884),
	(55,2,1489325019),
	(55,19,1489325019),
	(55,41,1489325019),
	(55,100,1489331202),
	(55,143,1489331202),
	(55,144,1489331202),
	(56,4,1489325020),
	(56,22,1489325020),
	(56,42,1489325020),
	(58,27,1489325106),
	(58,28,1489325107),
	(58,32,1489325107),
	(59,13,1489330430),
	(59,42,1489330430),
	(59,121,1489330430),
	(60,2,1489325109),
	(60,20,1489325316),
	(60,26,1489325109),
	(60,27,1489325109),
	(60,28,1489325079),
	(60,32,1489325079),
	(60,37,1489325316),
	(60,39,1489325316),
	(60,41,1489325079),
	(61,15,1489325090),
	(61,16,1489329924),
	(61,18,1489331218),
	(61,30,1489325090),
	(61,43,1489325090),
	(61,44,1489331218),
	(61,45,1489329924),
	(61,48,1489329924),
	(61,161,1489331218),
	(63,6,1489325107),
	(63,10,1489325107),
	(63,11,1489325093),
	(63,15,1489325158),
	(63,21,1489325093),
	(63,22,1489325093),
	(63,37,1489325107),
	(63,42,1489325158),
	(63,49,1489325158),
	(65,15,1489325274),
	(65,18,1489325274),
	(65,48,1489330790),
	(65,49,1489330790),
	(65,59,1489325274),
	(65,74,1489330790),
	(66,10,1489325111),
	(66,12,1489325272),
	(66,18,1489325111),
	(66,39,1489325272),
	(66,48,1489325111),
	(66,60,1489325272),
	(67,17,1489325293),
	(67,35,1489325293),
	(67,52,1489325293),
	(68,7,1489325276),
	(68,46,1489325276),
	(68,62,1489325276),
	(69,16,1489325129),
	(69,32,1489325129),
	(69,47,1489325129),
	(69,75,1489330769),
	(69,81,1489330769),
	(69,124,1489330769),
	(70,19,1489330794),
	(70,91,1489330794),
	(70,135,1489330794),
	(71,14,1489329740),
	(71,21,1489329740),
	(71,25,1489329740),
	(71,26,1489330507),
	(71,104,1489330507),
	(71,124,1489330507),
	(72,7,1489325145),
	(72,14,1489325145),
	(72,21,1489325145),
	(73,14,1489330171),
	(73,16,1489325260),
	(73,38,1489325260),
	(73,41,1489330171),
	(73,71,1489330171),
	(74,20,1489329745),
	(74,31,1489329745),
	(74,45,1489329745),
	(75,21,1489329614),
	(75,28,1489329614),
	(75,61,1489329614),
	(78,8,1489325173),
	(78,12,1489325173),
	(78,35,1489325173),
	(79,2,1489329850),
	(79,8,1489325174),
	(79,42,1489329850),
	(79,43,1489325174),
	(79,44,1489329850),
	(80,6,1489329769),
	(80,11,1489325175),
	(80,14,1489325175),
	(80,22,1489329769),
	(80,49,1489325175),
	(80,71,1489329769),
	(82,2,1489329885),
	(82,9,1489329885),
	(82,39,1489329885),
	(87,8,1489325307),
	(87,9,1489325307),
	(87,15,1489325307),
	(87,74,1489330685),
	(87,77,1489330685),
	(87,99,1489330685),
	(88,16,1489330330),
	(88,18,1489330330),
	(88,60,1489330330),
	(94,7,1489329618),
	(94,19,1489329618),
	(94,59,1489329618),
	(95,10,1489329741),
	(95,12,1489325269),
	(95,26,1489329741),
	(95,57,1489325269),
	(95,58,1489325269),
	(95,66,1489329741),
	(95,91,1489330495),
	(95,108,1489330495),
	(95,125,1489330495),
	(98,12,1489329847),
	(98,16,1489329847),
	(98,24,1489329847),
	(99,20,1489330478),
	(99,44,1489330478),
	(99,48,1489330478),
	(101,29,1489325305),
	(101,31,1489325305),
	(101,39,1489325305),
	(103,56,1489329746),
	(103,63,1489329746),
	(103,69,1489329746),
	(104,2,1489325313),
	(104,45,1489325313),
	(104,54,1489325313),
	(106,22,1489330723),
	(106,23,1489325316),
	(106,29,1489330723),
	(106,31,1489325316),
	(106,38,1489329590),
	(106,41,1489329590),
	(106,53,1489329590),
	(106,61,1489325316),
	(106,124,1489330723),
	(107,7,1489330233),
	(107,44,1489330233),
	(107,74,1489330233),
	(111,12,1489329589),
	(111,29,1489329589),
	(111,55,1489329589),
	(113,37,1489330392),
	(113,45,1489330392),
	(113,100,1489330392),
	(116,28,1489330173),
	(116,33,1489330173),
	(116,61,1489330173),
	(117,7,1489329748),
	(117,15,1489329629),
	(117,22,1489329629),
	(117,29,1489329748),
	(117,34,1489329888),
	(117,42,1489329748),
	(117,54,1489329629),
	(117,56,1489329888),
	(117,65,1489329888),
	(118,4,1489329630),
	(118,29,1489329630),
	(118,51,1489329630),
	(118,62,1489329800),
	(118,63,1489329800),
	(118,75,1489329800),
	(122,8,1489329652),
	(122,31,1489329652),
	(122,32,1489329652),
	(123,22,1489329657),
	(123,55,1489329657),
	(123,56,1489329657),
	(124,6,1489329692),
	(124,13,1489329692),
	(124,14,1489329692),
	(125,50,1489330505),
	(125,54,1489330505),
	(125,82,1489330505),
	(126,29,1489329705),
	(126,35,1489329705),
	(126,48,1489329705),
	(127,2,1489330605),
	(127,32,1489330059),
	(127,35,1489330059),
	(127,36,1489330605),
	(127,56,1489330059),
	(127,132,1489330605),
	(130,23,1489329886),
	(130,35,1489329886),
	(130,75,1489329886),
	(131,12,1489330318),
	(131,20,1489329743),
	(131,22,1489330318),
	(131,42,1489329743),
	(131,45,1489329743),
	(131,46,1489330318),
	(132,32,1489329744),
	(132,40,1489329744),
	(132,44,1489329744),
	(133,26,1489330122),
	(133,89,1489330122),
	(133,95,1489330122),
	(137,13,1489330122),
	(137,88,1489330122),
	(137,95,1489330122),
	(139,64,1489329837),
	(139,75,1489329837),
	(139,77,1489329837),
	(140,55,1489330061),
	(140,67,1489330061),
	(140,75,1489330061),
	(146,34,1489331139),
	(146,92,1489331139),
	(146,115,1489331139),
	(148,18,1489329937),
	(148,25,1489329937),
	(150,11,1489329939),
	(150,37,1489329939),
	(150,44,1489329939),
	(151,35,1489330840),
	(151,76,1489330840),
	(151,123,1489330840),
	(152,34,1489329951),
	(152,59,1489329951),
	(152,74,1489329951),
	(160,13,1489330332),
	(160,30,1489330492),
	(160,62,1489330492),
	(160,68,1489330332),
	(160,91,1489330332),
	(160,105,1489330492),
	(162,2,1489330058),
	(162,26,1489330058),
	(162,40,1489330058),
	(165,24,1489330083),
	(165,25,1489330083),
	(165,61,1489330083),
	(167,39,1489330089),
	(167,41,1489330089),
	(167,65,1489330089),
	(169,34,1489330133),
	(169,40,1489330133),
	(169,69,1489330133),
	(170,55,1489330771),
	(170,56,1489330771),
	(170,67,1489330771),
	(171,83,1489330160),
	(171,87,1489330160),
	(171,108,1489330160),
	(173,20,1489330173),
	(173,105,1489330173),
	(173,106,1489330173),
	(174,18,1489330632),
	(174,60,1489330632),
	(174,75,1489330632),
	(175,24,1489330195),
	(175,27,1489330240),
	(175,33,1489330467),
	(175,35,1489330240),
	(175,39,1489330195),
	(175,50,1489330240),
	(175,58,1489330467),
	(175,90,1489330195),
	(175,92,1489330467),
	(178,30,1489330209),
	(178,37,1489330209),
	(178,78,1489330209),
	(187,36,1489330264),
	(187,40,1489330264),
	(187,90,1489330264),
	(188,21,1489330273),
	(188,42,1489330273),
	(188,97,1489330273),
	(192,16,1489330331),
	(192,69,1489330331),
	(192,91,1489330331),
	(196,32,1489330400),
	(196,33,1489330400),
	(196,78,1489330400),
	(197,11,1489330952),
	(197,22,1489330952),
	(197,80,1489330952),
	(205,30,1489331217),
	(205,40,1489330491),
	(205,101,1489330491),
	(205,116,1489330491),
	(205,141,1489331217),
	(205,152,1489331217),
	(207,61,1489330494),
	(207,103,1489330494),
	(207,118,1489330494),
	(209,20,1489330511),
	(209,62,1489330511),
	(209,107,1489330511),
	(210,31,1489330513),
	(210,64,1489330513),
	(210,85,1489330513),
	(215,40,1489330550),
	(215,47,1489330550),
	(215,106,1489330550),
	(216,4,1489330586),
	(216,71,1489330586),
	(216,99,1489330586),
	(218,65,1489330609),
	(218,96,1489330609),
	(218,122,1489330609),
	(219,4,1489330944),
	(219,73,1489330944),
	(219,142,1489330944),
	(228,2,1489330800),
	(228,15,1489330800),
	(228,46,1489330800),
	(229,38,1489330801),
	(229,41,1489330801),
	(229,125,1489330801),
	(232,4,1489330869),
	(232,105,1489330869),
	(232,123,1489330869),
	(234,13,1489330909),
	(234,35,1489330909),
	(234,79,1489330909),
	(241,66,1489331025),
	(241,112,1489331025),
	(241,142,1489331025),
	(242,37,1489331094),
	(242,136,1489331094),
	(242,138,1489331094),
	(243,42,1489332815),
	(243,145,1489332815),
	(243,164,1489332815),
	(245,86,1489331117),
	(245,123,1489331117),
	(245,129,1489331117),
	(246,95,1489331142),
	(246,123,1489331142),
	(246,150,1489331142),
	(247,60,1489331149),
	(247,85,1489331149),
	(247,88,1489331149),
	(253,69,1489331218),
	(253,75,1489331218),
	(253,159,1489331218),
	(254,42,1489331220),
	(254,74,1489331220),
	(255,32,1489332814),
	(255,42,1489331221),
	(255,63,1489332814),
	(255,86,1489332814),
	(255,155,1489331221),
	(255,156,1489331221);

INSERT INTO `post_views` (`profile_id`, `post_id`, `view_time`)
VALUES
	(2,2,1489324313),
	(3,2,1489323986),
	(4,2,1489323948),
	(5,2,1489324506),
	(5,2,1489332814),
	(7,2,1489324313),
	(7,2,1489324865),
	(8,2,1489324506),
	(9,2,1489324400),
	(11,2,1489324442),
	(13,2,1489324749),
	(15,2,1489324463),
	(15,2,1489325273),
	(17,2,1489324750),
	(19,2,1489324978),
	(20,2,1489324790),
	(21,2,1489324951),
	(32,2,1489324979),
	(35,2,1489325143),
	(49,2,1489324985),
	(50,2,1489330395),
	(59,2,1489325104),
	(60,2,1489325225),
	(88,2,1489325226),
	(124,2,1489329853),
	(150,2,1489329941),
	(163,2,1489330060),
	(174,2,1489330748),
	(198,2,1489330414),
	(2,4,1489324313),
	(3,4,1489323986),
	(3,4,1489325271),
	(4,4,1489323948),
	(5,4,1489324506),
	(5,4,1489324774),
	(7,4,1489324313),
	(7,4,1489324865),
	(8,4,1489324506),
	(9,4,1489324400),
	(11,4,1489324442),
	(15,4,1489324463),
	(17,4,1489324748),
	(18,4,1489324921),
	(20,4,1489324790),
	(22,4,1489324867),
	(26,4,1489325128),
	(29,4,1489324886),
	(30,4,1489330059),
	(31,4,1489324850),
	(32,4,1489324898),
	(33,4,1489324989),
	(42,4,1489330493),
	(43,4,1489324966),
	(46,4,1489325308),
	(47,4,1489325285),
	(59,4,1489325104),
	(61,4,1489330508),
	(62,4,1489325092),
	(74,4,1489325306),
	(76,4,1489330064),
	(88,4,1489325226),
	(250,4,1489331201),
	(2,6,1489324313),
	(3,6,1489325271),
	(5,6,1489324506),
	(5,6,1489324774),
	(5,6,1489332814),
	(7,6,1489324313),
	(8,6,1489324506),
	(8,6,1489324978),
	(9,6,1489324400),
	(11,6,1489324442),
	(13,6,1489324749),
	(15,6,1489324463),
	(15,6,1489325273),
	(17,6,1489324748),
	(22,6,1489324826),
	(22,6,1489324867),
	(24,6,1489331205),
	(26,6,1489324911),
	(28,6,1489324829),
	(29,6,1489324962),
	(32,6,1489324898),
	(32,6,1489324979),
	(40,6,1489324951),
	(46,6,1489324988),
	(47,6,1489325130),
	(59,6,1489325104),
	(65,6,1489325106),
	(115,6,1489329616),
	(124,6,1489329853),
	(138,6,1489331022),
	(256,6,1489331223),
	(1,7,1489324773),
	(2,7,1489324313),
	(5,7,1489324506),
	(7,7,1489324313),
	(7,7,1489324865),
	(8,7,1489324506),
	(9,7,1489324400),
	(11,7,1489324442),
	(13,7,1489324749),
	(15,7,1489324463),
	(17,7,1489324750),
	(18,7,1489324921),
	(29,7,1489324886),
	(31,7,1489324850),
	(32,7,1489324898),
	(33,7,1489324989),
	(35,7,1489325143),
	(40,7,1489324988),
	(45,7,1489325110),
	(47,7,1489325130),
	(58,7,1489325043),
	(59,7,1489325104),
	(72,7,1489329971),
	(76,7,1489330064),
	(82,7,1489325304),
	(88,7,1489325308),
	(127,7,1489329850),
	(182,7,1489330223),
	(198,7,1489330414),
	(209,7,1489331200),
	(223,7,1489330687),
	(1,8,1489324773),
	(5,8,1489324506),
	(5,8,1489324774),
	(5,8,1489332814),
	(8,8,1489324506),
	(9,8,1489324400),
	(11,8,1489324442),
	(15,8,1489324463),
	(17,8,1489324748),
	(22,8,1489324867),
	(28,8,1489324829),
	(29,8,1489324886),
	(35,8,1489324984),
	(40,8,1489324950),
	(49,8,1489324985),
	(59,8,1489325044),
	(59,8,1489325104),
	(62,8,1489329855),
	(72,8,1489329971),
	(168,8,1489330690),
	(174,8,1489330748),
	(1,9,1489324773),
	(7,9,1489329912),
	(8,9,1489324506),
	(11,9,1489324442),
	(13,9,1489324749),
	(17,9,1489324748),
	(20,9,1489324790),
	(28,9,1489324829),
	(29,9,1489324886),
	(31,9,1489324850),
	(33,9,1489324980),
	(37,9,1489330036),
	(40,9,1489324988),
	(45,9,1489325159),
	(67,9,1489325315),
	(72,9,1489329971),
	(85,9,1489329592),
	(87,9,1489329900),
	(88,9,1489325226),
	(116,9,1489329617),
	(125,9,1489330082),
	(177,9,1489330208),
	(182,9,1489330223),
	(220,9,1489330648),
	(5,10,1489324506),
	(8,10,1489324506),
	(11,10,1489324442),
	(15,10,1489324463),
	(17,10,1489324750),
	(21,10,1489324951),
	(22,10,1489324826),
	(26,10,1489325128),
	(29,10,1489324886),
	(33,10,1489324980),
	(35,10,1489324984),
	(35,10,1489325143),
	(40,10,1489324950),
	(43,10,1489324966),
	(45,10,1489325159),
	(47,10,1489325130),
	(59,10,1489325104),
	(62,10,1489325092),
	(62,10,1489329855),
	(76,10,1489325158),
	(88,10,1489325308),
	(98,10,1489330062),
	(150,10,1489329941),
	(172,10,1489330870),
	(190,10,1489330317),
	(5,11,1489324506),
	(5,11,1489324774),
	(5,11,1489332814),
	(11,11,1489324442),
	(15,11,1489324463),
	(22,11,1489324826),
	(22,11,1489324867),
	(26,11,1489324911),
	(29,11,1489324886),
	(29,11,1489324962),
	(31,11,1489324850),
	(35,11,1489325143),
	(40,11,1489324950),
	(41,11,1489325317),
	(43,11,1489324966),
	(45,11,1489325159),
	(47,11,1489325285),
	(59,11,1489325104),
	(65,11,1489325106),
	(72,11,1489329971),
	(115,11,1489329616),
	(213,11,1489331052),
	(1,12,1489324773),
	(8,12,1489324978),
	(11,12,1489324442),
	(13,12,1489324749),
	(15,12,1489324463),
	(15,12,1489325273),
	(22,12,1489324867),
	(26,12,1489324911),
	(28,12,1489324829),
	(29,12,1489324962),
	(32,12,1489324979),
	(43,12,1489324966),
	(59,12,1489325104),
	(64,12,1489325225),
	(89,12,1489325227),
	(143,12,1489329851),
	(161,12,1489330060),
	(179,12,1489330330),
	(1,13,1489324773),
	(3,13,1489325271),
	(7,13,1489324865),
	(8,13,1489324506),
	(15,13,1489324463),
	(17,13,1489324748),
	(17,13,1489324750),
	(19,13,1489324978),
	(24,13,1489330509),
	(26,13,1489324911),
	(26,13,1489325128),
	(29,13,1489324886),
	(31,13,1489324850),
	(32,13,1489324979),
	(33,13,1489324989),
	(41,13,1489325317),
	(47,13,1489325130),
	(64,13,1489325225),
	(82,13,1489325304),
	(85,13,1489329592),
	(87,13,1489329900),
	(143,13,1489329851),
	(178,13,1489331093),
	(210,13,1489331219),
	(228,13,1489330970),
	(1,14,1489324773),
	(5,14,1489324506),
	(5,14,1489324774),
	(7,14,1489324865),
	(13,14,1489324749),
	(15,14,1489324463),
	(17,14,1489324750),
	(20,14,1489324790),
	(28,14,1489324829),
	(35,14,1489325143),
	(40,14,1489324950),
	(40,14,1489324988),
	(46,14,1489324988),
	(58,14,1489325043),
	(64,14,1489325225),
	(67,14,1489325315),
	(71,14,1489329886),
	(74,14,1489325306),
	(83,14,1489329911),
	(85,14,1489329592),
	(88,14,1489325226),
	(116,14,1489329617),
	(149,14,1489330064),
	(172,14,1489330870),
	(3,15,1489325271),
	(8,15,1489324978),
	(17,15,1489324748),
	(19,15,1489324978),
	(22,15,1489324826),
	(32,15,1489324979),
	(33,15,1489324989),
	(34,15,1489325273),
	(43,15,1489330506),
	(46,15,1489325308),
	(59,15,1489325104),
	(61,15,1489330508),
	(62,15,1489325092),
	(64,15,1489325225),
	(74,15,1489325306),
	(88,15,1489325308),
	(125,15,1489330082),
	(220,15,1489330648),
	(3,16,1489325271),
	(5,16,1489324506),
	(5,16,1489324774),
	(8,16,1489324506),
	(13,16,1489324749),
	(17,16,1489324748),
	(18,16,1489324921),
	(22,16,1489324826),
	(22,16,1489324867),
	(26,16,1489324911),
	(28,16,1489324829),
	(33,16,1489324980),
	(35,16,1489324984),
	(40,16,1489324988),
	(43,16,1489324966),
	(59,16,1489325104),
	(76,16,1489325158),
	(161,16,1489330316),
	(172,16,1489330172),
	(174,16,1489330748),
	(252,16,1489331206),
	(3,17,1489325271),
	(5,17,1489324774),
	(7,17,1489324865),
	(8,17,1489324506),
	(17,17,1489324750),
	(20,17,1489324790),
	(22,17,1489324826),
	(32,17,1489324898),
	(33,17,1489324989),
	(33,17,1489329614),
	(34,17,1489325273),
	(40,17,1489324988),
	(45,17,1489325110),
	(46,17,1489324988),
	(47,17,1489325285),
	(49,17,1489324985),
	(50,17,1489330395),
	(62,17,1489325092),
	(85,17,1489329592),
	(88,17,1489325226),
	(115,17,1489329616),
	(134,17,1489329749),
	(163,17,1489330061),
	(180,17,1489330211),
	(1,18,1489324773),
	(5,18,1489324506),
	(7,18,1489324865),
	(17,18,1489324748),
	(17,18,1489324750),
	(18,18,1489324921),
	(20,18,1489324790),
	(31,18,1489324850),
	(32,18,1489324898),
	(45,18,1489325159),
	(67,18,1489325315),
	(82,18,1489325304),
	(87,18,1489329900),
	(89,18,1489325227),
	(138,18,1489331022),
	(161,18,1489330316),
	(174,18,1489330748),
	(213,18,1489331052),
	(238,18,1489331206),
	(256,18,1489331223),
	(1,19,1489324773),
	(5,19,1489324774),
	(7,19,1489329912),
	(13,19,1489324749),
	(17,19,1489324750),
	(22,19,1489324826),
	(24,19,1489331205),
	(26,19,1489324911),
	(28,19,1489324829),
	(29,19,1489324962),
	(31,19,1489324850),
	(32,19,1489324898),
	(32,19,1489324979),
	(35,19,1489325143),
	(38,19,1489325310),
	(40,19,1489324951),
	(40,19,1489324988),
	(45,19,1489325110),
	(46,19,1489324988),
	(50,19,1489330395),
	(61,19,1489330508),
	(73,19,1489325154),
	(76,19,1489330064),
	(83,19,1489329911),
	(89,19,1489325227),
	(149,19,1489330064),
	(182,19,1489330223),
	(223,19,1489330687),
	(5,20,1489324774),
	(13,20,1489324749),
	(21,20,1489324951),
	(22,20,1489324826),
	(22,20,1489324867),
	(29,20,1489324886),
	(33,20,1489324989),
	(35,20,1489324984),
	(38,20,1489330328),
	(41,20,1489325317),
	(46,20,1489324988),
	(47,20,1489325130),
	(59,20,1489325044),
	(67,20,1489325315),
	(89,20,1489325227),
	(100,20,1489325303),
	(133,20,1489329746),
	(163,20,1489330061),
	(172,20,1489330172),
	(1,21,1489324773),
	(5,21,1489324774),
	(7,21,1489324865),
	(17,21,1489324748),
	(17,21,1489324750),
	(19,21,1489324978),
	(20,21,1489324790),
	(22,21,1489324826),
	(26,21,1489325128),
	(28,21,1489324829),
	(30,21,1489330531),
	(40,21,1489324950),
	(42,21,1489330493),
	(43,21,1489324966),
	(49,21,1489324985),
	(50,21,1489330395),
	(60,21,1489325225),
	(61,21,1489330508),
	(73,21,1489325154),
	(82,21,1489325304),
	(88,21,1489325308),
	(89,21,1489325227),
	(91,21,1489329738),
	(130,21,1489330332),
	(149,21,1489329938),
	(256,21,1489331223),
	(1,22,1489329887),
	(19,22,1489324978),
	(20,22,1489324790),
	(21,22,1489324951),
	(31,22,1489324850),
	(34,22,1489325273),
	(45,22,1489325110),
	(49,22,1489324985),
	(50,22,1489330395),
	(61,22,1489331203),
	(62,22,1489325092),
	(76,22,1489325158),
	(76,22,1489330064),
	(87,22,1489329900),
	(115,22,1489329616),
	(116,22,1489329617),
	(149,22,1489329938),
	(161,22,1489330316),
	(172,22,1489330172),
	(176,22,1489330246),
	(3,23,1489325271),
	(20,23,1489324790),
	(21,23,1489324951),
	(22,23,1489324826),
	(22,23,1489324867),
	(24,23,1489331205),
	(30,23,1489330531),
	(32,23,1489324898),
	(35,23,1489324984),
	(58,23,1489325043),
	(60,23,1489325225),
	(65,23,1489325106),
	(67,23,1489325315),
	(74,23,1489325306),
	(76,23,1489325158),
	(125,23,1489330082),
	(134,23,1489329749),
	(161,23,1489330060),
	(179,23,1489330330),
	(182,23,1489330223),
	(210,23,1489331219),
	(15,24,1489325273),
	(20,24,1489324790),
	(21,24,1489324951),
	(22,24,1489324867),
	(26,24,1489325128),
	(32,24,1489324898),
	(38,24,1489330328),
	(40,24,1489324950),
	(40,24,1489324988),
	(41,24,1489325317),
	(49,24,1489324985),
	(61,24,1489331203),
	(62,24,1489325092),
	(64,24,1489325225),
	(65,24,1489325106),
	(71,24,1489329886),
	(88,24,1489325308),
	(124,24,1489329853),
	(18,25,1489324921),
	(28,25,1489324829),
	(59,25,1489325044),
	(65,25,1489325106),
	(91,25,1489329738),
	(116,25,1489329617),
	(124,25,1489330058),
	(149,25,1489330064),
	(163,25,1489330060),
	(220,25,1489330648),
	(8,26,1489324978),
	(21,26,1489324951),
	(22,26,1489324867),
	(24,26,1489330509),
	(26,26,1489324911),
	(29,26,1489324886),
	(29,26,1489324962),
	(30,26,1489330059),
	(31,26,1489324850),
	(33,26,1489324980),
	(33,26,1489324989),
	(33,26,1489329614),
	(43,26,1489324966),
	(49,26,1489324985),
	(67,26,1489325315),
	(83,26,1489329911),
	(85,26,1489329592),
	(115,26,1489329616),
	(125,26,1489330082),
	(134,26,1489329749),
	(180,26,1489330211),
	(220,26,1489330648),
	(18,27,1489324921),
	(26,27,1489325128),
	(28,27,1489324829),
	(29,27,1489324962),
	(30,27,1489330531),
	(38,27,1489325310),
	(43,27,1489330506),
	(46,27,1489324988),
	(47,27,1489325130),
	(59,27,1489325044),
	(62,27,1489329725),
	(83,27,1489329911),
	(88,27,1489325226),
	(116,27,1489329617),
	(124,27,1489330058),
	(134,27,1489329749),
	(143,27,1489329851),
	(163,27,1489330061),
	(172,27,1489330870),
	(174,27,1489330748),
	(210,27,1489331219),
	(7,28,1489329912),
	(26,28,1489325128),
	(33,28,1489324980),
	(34,28,1489325273),
	(40,28,1489324950),
	(41,28,1489325317),
	(58,28,1489325043),
	(59,28,1489325044),
	(60,28,1489325225),
	(65,28,1489325106),
	(178,28,1489331093),
	(7,29,1489324865),
	(8,29,1489324978),
	(21,29,1489324951),
	(29,29,1489324962),
	(31,29,1489324850),
	(32,29,1489324898),
	(33,29,1489324980),
	(33,29,1489324989),
	(43,29,1489324966),
	(47,29,1489325130),
	(73,29,1489325154),
	(74,29,1489325306),
	(76,29,1489325158),
	(100,29,1489325303),
	(149,29,1489329938),
	(149,29,1489330064),
	(180,29,1489331147),
	(7,30,1489324865),
	(19,30,1489324978),
	(26,30,1489324911),
	(33,30,1489329614),
	(35,30,1489324984),
	(37,30,1489330036),
	(40,30,1489324988),
	(41,30,1489325317),
	(49,30,1489324985),
	(62,30,1489329855),
	(76,30,1489325158),
	(91,30,1489329738),
	(115,30,1489329616),
	(124,30,1489329853),
	(127,30,1489329850),
	(178,30,1489331093),
	(179,30,1489330330),
	(19,31,1489324978),
	(24,31,1489330509),
	(29,31,1489324962),
	(32,31,1489324898),
	(35,31,1489325143),
	(41,31,1489325317),
	(45,31,1489325159),
	(60,31,1489325225),
	(61,31,1489331203),
	(62,31,1489325092),
	(64,31,1489325225),
	(65,31,1489325106),
	(73,31,1489325154),
	(85,31,1489329592),
	(89,31,1489325227),
	(127,31,1489329850),
	(174,31,1489330748),
	(177,31,1489330208),
	(15,32,1489325273),
	(18,32,1489324921),
	(32,32,1489324979),
	(35,32,1489324984),
	(59,32,1489325044),
	(62,32,1489329725),
	(73,32,1489325154),
	(134,32,1489329749),
	(161,32,1489330060),
	(217,32,1489330601),
	(18,33,1489324921),
	(19,33,1489324978),
	(26,33,1489324911),
	(30,33,1489330531),
	(43,33,1489324966),
	(45,33,1489325110),
	(45,33,1489325159),
	(59,33,1489325044),
	(60,33,1489325225),
	(64,33,1489325225),
	(67,33,1489325315),
	(72,33,1489329971),
	(73,33,1489325154),
	(76,33,1489325158),
	(85,33,1489329592),
	(161,33,1489330060),
	(180,33,1489331147),
	(5,34,1489332814),
	(7,34,1489329912),
	(8,34,1489324978),
	(29,34,1489324962),
	(33,34,1489324980),
	(35,34,1489324984),
	(58,34,1489325043),
	(71,34,1489329886),
	(82,34,1489325304),
	(190,34,1489330317),
	(8,35,1489324978),
	(18,35,1489324921),
	(33,35,1489324980),
	(33,35,1489324989),
	(43,35,1489330506),
	(45,35,1489325110),
	(47,35,1489325285),
	(60,35,1489325225),
	(64,35,1489325225),
	(65,35,1489325106),
	(67,35,1489325315),
	(72,35,1489329971),
	(100,35,1489325303),
	(127,35,1489329850),
	(149,35,1489329938),
	(217,35,1489330601),
	(24,36,1489331205),
	(35,36,1489325143),
	(37,36,1489330036),
	(46,36,1489324988),
	(47,36,1489325285),
	(58,36,1489325043),
	(124,36,1489330058),
	(125,36,1489330082),
	(161,36,1489330316),
	(252,36,1489331206),
	(7,37,1489329912),
	(8,37,1489324978),
	(15,37,1489325273),
	(21,37,1489324951),
	(26,37,1489325128),
	(30,37,1489330059),
	(33,37,1489324980),
	(35,37,1489325143),
	(46,37,1489324988),
	(46,37,1489325308),
	(58,37,1489325043),
	(61,37,1489330508),
	(62,37,1489325092),
	(74,37,1489325306),
	(76,37,1489325158),
	(89,37,1489325227),
	(100,37,1489325303),
	(127,37,1489329850),
	(1,38,1489329887),
	(8,38,1489324978),
	(32,38,1489324979),
	(35,38,1489325143),
	(38,38,1489325310),
	(38,38,1489330328),
	(40,38,1489324988),
	(42,38,1489330493),
	(43,38,1489324966),
	(45,38,1489325110),
	(46,38,1489324988),
	(47,38,1489325130),
	(47,38,1489325285),
	(49,38,1489324985),
	(61,38,1489330508),
	(61,38,1489331203),
	(62,38,1489329725),
	(88,38,1489325226),
	(91,38,1489329738),
	(115,38,1489329616),
	(116,38,1489329617),
	(143,38,1489329851),
	(174,38,1489330748),
	(179,38,1489330330),
	(180,38,1489331147),
	(209,38,1489331200),
	(19,39,1489324978),
	(29,39,1489324962),
	(32,39,1489324979),
	(38,39,1489330328),
	(41,39,1489325317),
	(42,39,1489330493),
	(45,39,1489325159),
	(59,39,1489325044),
	(62,39,1489325092),
	(65,39,1489325106),
	(85,39,1489329592),
	(115,39,1489329616),
	(124,39,1489329853),
	(184,39,1489330862),
	(213,39,1489331052),
	(1,40,1489329887),
	(15,40,1489325273),
	(33,40,1489324980),
	(35,40,1489324984),
	(40,40,1489324988),
	(45,40,1489325110),
	(46,40,1489324988),
	(49,40,1489324985),
	(49,40,1489329674),
	(58,40,1489325043),
	(62,40,1489329855),
	(115,40,1489329616),
	(124,40,1489330058),
	(130,40,1489330332),
	(134,40,1489329749),
	(149,40,1489329938),
	(150,40,1489329941),
	(37,41,1489330036),
	(38,41,1489325310),
	(45,41,1489325110),
	(59,41,1489325044),
	(60,41,1489325225),
	(61,41,1489331203),
	(76,41,1489330064),
	(107,41,1489331093),
	(115,41,1489329616),
	(116,41,1489329617),
	(127,41,1489329850),
	(130,41,1489330332),
	(180,41,1489330212),
	(1,42,1489329887),
	(26,42,1489325128),
	(33,42,1489329614),
	(58,42,1489325043),
	(61,42,1489331203),
	(62,42,1489325092),
	(62,42,1489329725),
	(82,42,1489325304),
	(83,42,1489329911),
	(89,42,1489325227),
	(91,42,1489329738),
	(98,42,1489330062),
	(161,42,1489330060),
	(174,42,1489330748),
	(217,42,1489330601),
	(1,43,1489329887),
	(26,43,1489325128),
	(45,43,1489325159),
	(47,43,1489325285),
	(62,43,1489329855),
	(73,43,1489325154),
	(76,43,1489325158),
	(83,43,1489329911),
	(89,43,1489325227),
	(176,43,1489330246),
	(180,43,1489331147),
	(213,43,1489331052),
	(3,44,1489325271),
	(34,44,1489325273),
	(37,44,1489330036),
	(42,44,1489330493),
	(60,44,1489325225),
	(64,44,1489325225),
	(65,44,1489325106),
	(67,44,1489325315),
	(74,44,1489325306),
	(83,44,1489329911),
	(87,44,1489329900),
	(134,44,1489329749),
	(176,44,1489330246),
	(15,45,1489325273),
	(45,45,1489325110),
	(45,45,1489325159),
	(58,45,1489325043),
	(59,45,1489325044),
	(73,45,1489325154),
	(74,45,1489325306),
	(87,45,1489329900),
	(88,45,1489325308),
	(124,45,1489330058),
	(172,45,1489330870),
	(250,45,1489331201),
	(3,46,1489325271),
	(15,46,1489325273),
	(24,46,1489330509),
	(73,46,1489325154),
	(82,46,1489325304),
	(85,46,1489329592),
	(100,46,1489325303),
	(116,46,1489329617),
	(182,46,1489330223),
	(217,46,1489330601),
	(30,47,1489330531),
	(41,47,1489325317),
	(61,47,1489331203),
	(150,47,1489329941),
	(220,47,1489330648),
	(38,48,1489325310),
	(41,48,1489325317),
	(47,48,1489325130),
	(72,48,1489329971),
	(73,48,1489325154),
	(74,48,1489325306),
	(91,48,1489329738),
	(124,48,1489329853),
	(210,48,1489331219),
	(256,48,1489331223),
	(1,49,1489329887),
	(45,49,1489325159),
	(60,49,1489325225),
	(100,49,1489325303),
	(124,49,1489329853),
	(133,49,1489329746),
	(149,49,1489330064),
	(168,49,1489330690),
	(174,49,1489330748),
	(179,49,1489330330),
	(10,50,1489329674),
	(38,50,1489325310),
	(46,50,1489325308),
	(50,50,1489330395),
	(62,50,1489329725),
	(64,50,1489325225),
	(71,50,1489329886),
	(82,50,1489325304),
	(83,50,1489329911),
	(91,50,1489329738),
	(210,50,1489331219),
	(34,51,1489325273),
	(62,51,1489329725),
	(82,51,1489325304),
	(88,51,1489325226),
	(89,51,1489325227),
	(91,51,1489329738),
	(98,51,1489330062),
	(100,51,1489325303),
	(116,51,1489329617),
	(172,51,1489330172),
	(30,52,1489330059),
	(38,52,1489330328),
	(76,52,1489325158),
	(130,52,1489330332),
	(161,52,1489330316),
	(163,52,1489330060),
	(228,52,1489330970),
	(238,52,1489331206),
	(3,53,1489325271),
	(38,53,1489325310),
	(46,53,1489325308),
	(88,53,1489325308),
	(107,53,1489331093),
	(238,53,1489331206),
	(7,54,1489329912),
	(24,54,1489331205),
	(33,54,1489329614),
	(34,54,1489325273),
	(37,54,1489330036),
	(62,54,1489329725),
	(62,54,1489329855),
	(71,54,1489329886),
	(124,54,1489329853),
	(168,54,1489330690),
	(178,54,1489331093),
	(33,55,1489329614),
	(38,55,1489325310),
	(46,55,1489325308),
	(62,55,1489329725),
	(71,55,1489329886),
	(87,55,1489329900),
	(88,55,1489325226),
	(91,55,1489329738),
	(130,55,1489330332),
	(161,55,1489330316),
	(172,55,1489330870),
	(184,55,1489330862),
	(220,55,1489330648),
	(33,56,1489329614),
	(34,56,1489325273),
	(47,56,1489325285),
	(74,56,1489325306),
	(46,57,1489325308),
	(91,57,1489329738),
	(98,57,1489330062),
	(133,57,1489329746),
	(149,57,1489330064),
	(176,57,1489330246),
	(223,57,1489330687),
	(15,58,1489325273),
	(24,58,1489330509),
	(33,58,1489329614),
	(46,58,1489325308),
	(85,58,1489329592),
	(88,58,1489325226),
	(88,58,1489325308),
	(134,58,1489329749),
	(149,58,1489329938),
	(177,58,1489330208),
	(7,59,1489329912),
	(47,59,1489325285),
	(213,59,1489331052),
	(24,60,1489330509),
	(30,60,1489330059),
	(34,60,1489325273),
	(88,60,1489325308),
	(100,60,1489325303),
	(143,60,1489329851),
	(161,60,1489330316),
	(180,60,1489330211),
	(190,60,1489330317),
	(33,61,1489329614),
	(34,61,1489325273),
	(37,61,1489330036),
	(87,61,1489329900),
	(124,61,1489329853),
	(125,61,1489330082),
	(127,61,1489329850),
	(133,61,1489329746),
	(172,61,1489330172),
	(172,61,1489330870),
	(7,62,1489329912),
	(30,62,1489330531),
	(43,62,1489330506),
	(62,62,1489329855),
	(82,62,1489325304),
	(100,62,1489325303),
	(149,62,1489330064),
	(172,62,1489330172),
	(176,62,1489330246),
	(180,62,1489330212),
	(184,62,1489330862),
	(198,62,1489330414),
	(210,62,1489331219),
	(7,63,1489329912),
	(30,63,1489330531),
	(37,63,1489330036),
	(47,63,1489325285),
	(72,63,1489329971),
	(100,63,1489325303),
	(133,63,1489329746),
	(38,64,1489325310),
	(43,64,1489330506),
	(46,64,1489325308),
	(62,64,1489329725),
	(133,64,1489329746),
	(163,64,1489330060),
	(1,65,1489329887),
	(24,65,1489331205),
	(38,65,1489330328),
	(46,65,1489325308),
	(67,65,1489325315),
	(71,65,1489329886),
	(88,65,1489325308),
	(107,65,1489331093),
	(150,65,1489329941),
	(180,65,1489331147),
	(256,65,1489331223),
	(24,66,1489330509),
	(62,66,1489329725),
	(116,66,1489329617),
	(150,66,1489329941),
	(172,66,1489330172),
	(176,66,1489330246),
	(182,66,1489330223),
	(24,67,1489330509),
	(33,67,1489329614),
	(38,67,1489330328),
	(42,67,1489330493),
	(98,67,1489330062),
	(149,67,1489329938),
	(190,67,1489330317),
	(62,68,1489329855),
	(76,68,1489330064),
	(125,68,1489330082),
	(133,68,1489329746),
	(138,68,1489331022),
	(161,68,1489330060),
	(71,69,1489329886),
	(87,69,1489329900),
	(98,69,1489330062),
	(149,69,1489329938),
	(161,69,1489330316),
	(178,69,1489331093),
	(179,69,1489330330),
	(190,69,1489330317),
	(83,70,1489329911),
	(130,70,1489330332),
	(143,70,1489329851),
	(161,70,1489330060),
	(172,70,1489330171),
	(184,70,1489330862),
	(62,71,1489329855),
	(71,71,1489329886),
	(223,71,1489330687),
	(252,71,1489331206),
	(24,72,1489331205),
	(30,72,1489330531),
	(124,72,1489329853),
	(124,72,1489330058),
	(161,72,1489330060),
	(180,72,1489330211),
	(24,73,1489331205),
	(50,73,1489330395),
	(76,73,1489330064),
	(133,73,1489329746),
	(150,73,1489329941),
	(180,73,1489330212),
	(198,73,1489330414),
	(220,73,1489330648),
	(223,73,1489330687),
	(7,74,1489329912),
	(30,74,1489330059),
	(134,74,1489329749),
	(143,74,1489329851),
	(177,74,1489330208),
	(184,74,1489330862),
	(62,75,1489329855),
	(127,75,1489329850),
	(133,75,1489329746),
	(143,75,1489329851),
	(177,75,1489330208),
	(180,75,1489330211),
	(76,76,1489330064),
	(98,76,1489330062),
	(130,76,1489330332),
	(182,76,1489330223),
	(209,76,1489331200),
	(213,76,1489331052),
	(30,77,1489330059),
	(98,77,1489330062),
	(125,77,1489330082),
	(133,77,1489329746),
	(134,77,1489329749),
	(180,77,1489330211),
	(190,77,1489330317),
	(1,78,1489329887),
	(43,78,1489330506),
	(61,78,1489330508),
	(130,78,1489330332),
	(163,78,1489330060),
	(177,78,1489330208),
	(180,78,1489331147),
	(190,78,1489330317),
	(198,78,1489330414),
	(250,78,1489331201),
	(37,79,1489330036),
	(163,79,1489330060),
	(177,79,1489330208),
	(180,79,1489330211),
	(228,79,1489330970),
	(127,80,1489329850),
	(172,80,1489330172),
	(177,80,1489330208),
	(180,80,1489331147),
	(209,80,1489331200),
	(217,80,1489330601),
	(30,81,1489330531),
	(72,81,1489329971),
	(107,81,1489331093),
	(143,81,1489329851),
	(184,81,1489330862),
	(210,81,1489331219),
	(256,81,1489331223),
	(30,82,1489330059),
	(143,82,1489329851),
	(150,82,1489329941),
	(190,82,1489330317),
	(220,82,1489330648),
	(83,83,1489329911),
	(87,83,1489329900),
	(98,83,1489330062),
	(124,83,1489330058),
	(149,83,1489329938),
	(71,84,1489329886),
	(168,84,1489330690),
	(1,85,1489329887),
	(1,86,1489329887),
	(24,86,1489331205),
	(37,86,1489330036),
	(150,86,1489329941),
	(172,86,1489330870),
	(180,86,1489331147),
	(198,86,1489330414),
	(163,87,1489330061),
	(43,88,1489330506),
	(124,88,1489330058),
	(172,88,1489330870),
	(179,88,1489330330),
	(209,88,1489331200),
	(223,88,1489330687),
	(107,89,1489331093),
	(124,89,1489330058),
	(198,89,1489330414),
	(24,90,1489331205),
	(149,90,1489329938),
	(217,90,1489330601),
	(76,91,1489330064),
	(149,91,1489330064),
	(179,91,1489330330),
	(182,91,1489330223),
	(209,91,1489331200),
	(42,92,1489330493),
	(149,92,1489330064),
	(161,92,1489330060),
	(198,92,1489330414),
	(228,92,1489330970),
	(161,93,1489330060),
	(161,93,1489330316),
	(168,93,1489330690),
	(172,93,1489330171),
	(76,94,1489330064),
	(168,94,1489330690),
	(209,94,1489331200),
	(138,95,1489331022),
	(209,95,1489331200),
	(238,95,1489331206),
	(30,96,1489330531),
	(176,96,1489330246),
	(178,96,1489331093),
	(190,96,1489330317),
	(213,96,1489331052),
	(38,97,1489330328),
	(42,97,1489330493),
	(179,97,1489330330),
	(250,97,1489331201),
	(38,98,1489330328),
	(98,98,1489330062),
	(138,98,1489331022),
	(172,98,1489330870),
	(250,98,1489331201),
	(30,99,1489330059),
	(50,99,1489330395),
	(124,99,1489330058),
	(125,99,1489330082),
	(149,100,1489330064),
	(220,100,1489330648),
	(256,100,1489331223),
	(24,101,1489330509),
	(217,101,1489330601),
	(130,102,1489330332),
	(182,102,1489330223),
	(198,102,1489330414),
	(223,102,1489330687),
	(228,102,1489330970),
	(107,103,1489331093),
	(125,103,1489330082),
	(177,104,1489330208),
	(213,104,1489331052),
	(168,105,1489330690),
	(180,105,1489331147),
	(184,105,1489330862),
	(252,105,1489331206),
	(50,106,1489330395),
	(184,107,1489330862),
	(107,108,1489331093),
	(177,108,1489330208),
	(190,108,1489330317),
	(217,108,1489330601),
	(228,108,1489330970),
	(252,108,1489331206),
	(61,109,1489331203),
	(176,109,1489330246),
	(182,109,1489330223),
	(184,109,1489330862),
	(61,110,1489330508),
	(209,110,1489331200),
	(107,111,1489331093),
	(174,111,1489330748),
	(217,111,1489330601),
	(176,112,1489330246),
	(220,112,1489330648),
	(250,112,1489331201),
	(38,113,1489330328),
	(138,114,1489331022),
	(161,114,1489330316),
	(43,115,1489330506),
	(61,115,1489330508),
	(172,115,1489330870),
	(213,115,1489331052),
	(217,115,1489330601),
	(228,115,1489330970),
	(238,115,1489331206),
	(42,116,1489330493),
	(198,116,1489330414),
	(184,118,1489330862),
	(179,119,1489330330),
	(5,120,1489332814),
	(24,120,1489330509),
	(43,120,1489330506),
	(50,121,1489330395),
	(138,121,1489331022),
	(252,122,1489331206),
	(61,124,1489330508),
	(138,124,1489331022),
	(43,125,1489330506),
	(238,125,1489331206),
	(5,126,1489332814),
	(223,126,1489330687),
	(168,127,1489330690),
	(210,131,1489331219),
	(228,131,1489330970),
	(223,133,1489330687),
	(238,133,1489331206),
	(168,134,1489330690),
	(213,135,1489331052),
	(256,135,1489331223),
	(228,136,1489330970),
	(210,139,1489331219),
	(238,140,1489331206),
	(61,141,1489331203),
	(178,141,1489331093),
	(210,142,1489331219),
	(250,143,1489331201),
	(252,143,1489331206),
	(256,143,1489331223),
	(178,144,1489331093),
	(252,144,1489331206),
	(178,145,1489331093),
	(107,146,1489331093),
	(138,146,1489331022),
	(178,146,1489331093),
	(250,147,1489331201),
	(256,147,1489331223),
	(5,152,1489332814),
	(107,152,1489331093),
	(250,152,1489331201),
	(180,153,1489331147),
	(61,154,1489331203),
	(252,154,1489331206),
	(5,155,1489332814),
	(238,159,1489331206),
	(238,160,1489331206),
	(209,162,1489331200),
	(250,163,1489331201),
	(252,163,1489331206),
	(5,164,1489332814);

INSERT INTO `posts` (`post_id`, `profile_id`, `post_type`, `post_extension`, `post_description`, `post_publish_time`, `post_edit_time`, `post_state`, `post_filter`, `post_geo_lat`, `post_geo_lng`, `post_geo_name`, `post_allow_comments`, `post_approved`)
VALUES
	(1,1,'image','jpg','',1489323215,1489323209,1,NULL,NULL,NULL,NULL,1,0),
	(2,1,'image','jpg','',1489323250,1489323244,1,NULL,NULL,NULL,NULL,1,0),
	(4,4,'image','jpg','',1489323809,1489323800,1,'reyes',NULL,NULL,NULL,1,0),
	(6,5,'image','jpg','',1489323995,1489323987,1,'valencia',NULL,NULL,NULL,1,0),
	(7,3,'image','jpg','',1489324027,1489324017,1,'amaro',NULL,NULL,NULL,1,0),
	(8,7,'image','jpg','',1489324322,1489324314,1,'inkwell',NULL,NULL,NULL,1,0),
	(9,9,'image','jpg','',1489324411,1489324402,1,'hudson',NULL,NULL,NULL,1,0),
	(10,9,'image','jpg','',1489324421,1489324412,1,'earlybird',NULL,NULL,NULL,1,0),
	(11,4,'image','jpg','',1489324431,1489324423,1,'clarendon',NULL,NULL,NULL,1,0),
	(12,1,'image','jpg','',1489324441,1489324433,1,'inkwell',NULL,NULL,NULL,1,0),
	(13,12,'image','jpg','',0,1489324443,0,NULL,NULL,NULL,NULL,1,0),
	(14,13,'image','jpg','',1489324459,1489324450,1,'moon',NULL,NULL,NULL,1,0),
	(15,8,'image','jpg','',1489324473,1489324464,1,'walden',NULL,NULL,NULL,1,0),
	(16,5,'image','jpg','',1489324484,1489324474,1,'xproii',NULL,NULL,NULL,1,0),
	(17,5,'image','jpg','',1489324495,1489324485,1,'toaster',NULL,NULL,NULL,1,0),
	(18,6,'image','jpg','',1489324505,1489324495,1,'rise',NULL,NULL,NULL,1,0),
	(19,16,'image','jpg','',1489324517,1489324507,1,'lofi',NULL,NULL,NULL,1,0),
	(20,8,'image','jpg','',1489324736,1489324727,1,'brannan',NULL,NULL,NULL,1,0),
	(21,8,'image','jpg','',1489324747,1489324737,1,'sierra',NULL,NULL,NULL,1,0),
	(22,8,'image','jpg','',1489324759,1489324751,1,'hefe',NULL,NULL,NULL,1,0),
	(23,12,'image','jpg','',1489324773,1489324762,1,'mayfair',NULL,NULL,NULL,1,0),
	(24,20,'image','jpg','',1489324787,1489324777,1,'amaro',NULL,NULL,NULL,1,0),
	(25,17,'image','jpg','',0,1489324791,0,NULL,NULL,NULL,NULL,1,0),
	(26,19,'image','jpg','',1489324814,1489324805,1,'brannan',NULL,NULL,NULL,1,0),
	(27,20,'image','jpg','',1489324825,1489324816,1,'walden',NULL,NULL,NULL,1,0),
	(28,28,'image','jpg','',1489324840,1489324831,1,'lark',NULL,NULL,NULL,1,0),
	(29,30,'image','jpg','',1489324848,1489324840,1,'inkwell',NULL,NULL,NULL,1,0),
	(30,22,'image','jpg','',1489324862,1489324853,1,'willow',NULL,NULL,NULL,1,0),
	(31,6,'image','jpg','',1489324877,1489324869,1,'reyes',NULL,NULL,NULL,1,0),
	(32,15,'image','jpg','',1489324885,1489324877,1,'clarendon',NULL,NULL,NULL,1,0),
	(33,25,'image','jpg','',1489324897,1489324889,1,'kelvin',NULL,NULL,NULL,1,0),
	(34,35,'image','jpg','',1489324909,1489324899,1,'rise',NULL,NULL,NULL,1,0),
	(35,38,'image','jpg','',1489324921,1489324911,1,'mayfair',NULL,NULL,NULL,1,0),
	(36,39,'image','jpg','',1489324930,1489324922,1,'hefe',NULL,NULL,NULL,1,0),
	(37,25,'image','jpg','',1489324941,1489324931,1,'earlybird',NULL,NULL,NULL,1,0),
	(38,12,'image','jpg','',1489324949,1489324941,1,'inkwell',NULL,NULL,NULL,1,0),
	(39,40,'image','jpg','',1489324961,1489324952,1,'earlybird',NULL,NULL,NULL,1,0),
	(40,44,'image','jpg','',1489324976,1489324967,1,'hefe',NULL,NULL,NULL,1,0),
	(41,10,'image','jpg','',1489324999,1489324991,1,'moon',NULL,NULL,NULL,1,0),
	(42,53,'image','jpg','',0,1489325001,0,NULL,NULL,NULL,NULL,1,0),
	(43,54,'image','jpg','',1489325018,1489325008,1,'rise',NULL,NULL,NULL,1,0),
	(44,57,'image','jpg','',1489325031,1489325021,1,'earlybird',NULL,NULL,NULL,1,0),
	(45,9,'image','jpg','',1489325043,1489325034,1,'reyes',NULL,NULL,NULL,1,0),
	(46,35,'image','jpg','',1489325056,1489325048,1,'reyes',NULL,NULL,NULL,1,0),
	(47,42,'image','jpg','',1489325066,1489325057,1,'lofi',NULL,NULL,NULL,1,0),
	(48,64,'image','jpg','',1489325104,1489325095,1,'walden',NULL,NULL,NULL,1,0),
	(49,68,'image','jpg','',0,1489325114,0,NULL,NULL,NULL,NULL,1,0),
	(50,68,'image','jpg','',0,1489325121,0,NULL,NULL,NULL,NULL,1,0),
	(51,64,'image','jpg','',1489325142,1489325134,1,'hudson',NULL,NULL,NULL,1,0),
	(52,59,'image','jpg','',1489325153,1489325145,1,'inkwell',NULL,NULL,NULL,1,0),
	(53,36,'image','jpg','',1489325170,1489325161,1,'walden',NULL,NULL,NULL,1,0),
	(54,81,'image','jpg','',1489325183,1489325176,1,'kelvin',NULL,NULL,NULL,1,0),
	(55,84,'image','jpg','',0,1489325186,0,NULL,NULL,NULL,NULL,1,0),
	(56,86,'image','jpg','',1489325203,1489325194,1,'rise',NULL,NULL,NULL,1,0),
	(57,87,'image','jpg','',1489325213,1489325203,1,'willow',NULL,NULL,NULL,1,0),
	(58,26,'image','jpg','',1489325223,1489325214,1,'xproii',NULL,NULL,NULL,1,0),
	(59,80,'image','jpg','',1489325236,1489325228,1,'walden',NULL,NULL,NULL,1,0),
	(60,65,'image','jpg','',1489325251,1489325242,1,'toaster',NULL,NULL,NULL,1,0),
	(61,93,'image','jpg','',1489325259,1489325251,1,'lark',NULL,NULL,NULL,1,0),
	(62,94,'image','jpg','',1489325269,1489325260,1,'hudson',NULL,NULL,NULL,1,0),
	(63,65,'image','jpg','',1489325284,1489325276,1,'clarendon',NULL,NULL,NULL,1,0),
	(64,47,'image','jpg','',0,1489325286,0,NULL,NULL,NULL,NULL,1,0),
	(65,99,'image','jpg','',1489325303,1489325294,1,'hudson',NULL,NULL,NULL,1,0),
	(66,73,'image','jpg','',1489329588,1489329580,1,'clarendon',NULL,NULL,NULL,1,0),
	(67,13,'image','jpg','',1489329601,1489329592,1,'moon',NULL,NULL,NULL,1,0),
	(68,10,'image','jpg','',1489329613,1489329603,1,'amaro',NULL,NULL,NULL,1,0),
	(69,52,'image','jpg','',1489329629,1489329619,1,'rise',NULL,NULL,NULL,1,0),
	(70,98,'image','jpg','',1489329644,1489329634,1,'xproii',NULL,NULL,NULL,1,0),
	(71,27,'image','jpg','',1489329669,1489329659,1,'toaster',NULL,NULL,NULL,1,0),
	(72,72,'image','jpg','',1489329689,1489329680,1,'walden',NULL,NULL,NULL,1,0),
	(73,8,'image','jpg','',1489329704,1489329696,1,'nashville',NULL,NULL,NULL,1,0),
	(74,118,'image','jpg','',1489329714,1489329705,1,'moon',NULL,NULL,NULL,1,0),
	(75,77,'image','jpg','',1489329724,1489329715,1,'hudson',NULL,NULL,NULL,1,0),
	(76,115,'image','jpg','',1489329737,1489329727,1,'rise',NULL,NULL,NULL,1,0),
	(77,123,'image','jpg','',1489329742,1489329732,1,'toaster',NULL,NULL,NULL,1,0),
	(78,136,'image','jpg','',0,1489329751,0,NULL,NULL,NULL,NULL,1,0),
	(79,110,'image','jpg','',1489329768,1489329758,1,'willow',NULL,NULL,NULL,1,0),
	(80,21,'image','jpg','',1489329780,1489329770,1,'toaster',NULL,NULL,NULL,1,0),
	(81,137,'image','jpg','',1489329790,1489329781,1,'toaster',NULL,NULL,NULL,1,0),
	(82,123,'image','jpg','',1489329813,1489329805,1,'hefe',NULL,NULL,NULL,1,0),
	(83,11,'image','jpg','',1489329825,1489329817,1,'reyes',NULL,NULL,NULL,1,0),
	(84,47,'image','jpg','',1489329864,1489329856,1,'valencia',NULL,NULL,NULL,1,0),
	(85,146,'image','jpg','',1489329873,1489329865,1,'lark',NULL,NULL,NULL,1,0),
	(86,75,'image','jpg','',1489329883,1489329873,1,'rise',NULL,NULL,NULL,1,0),
	(87,147,'image','jpg','',1489329899,1489329889,1,'willow',NULL,NULL,NULL,1,0),
	(88,68,'image','jpg','',1489329911,1489329901,1,'toaster',NULL,NULL,NULL,1,0),
	(89,105,'image','jpg','',1489329923,1489329913,1,'amaro',NULL,NULL,NULL,1,0),
	(90,107,'image','jpg','',1489329937,1489329927,1,'sierra',NULL,NULL,NULL,1,0),
	(91,151,'image','jpg','',1489329949,1489329941,1,'inkwell',NULL,NULL,NULL,1,0),
	(92,150,'image','jpg','',1489329961,1489329952,1,'walden',NULL,NULL,NULL,1,0),
	(93,139,'image','jpg','',1489329970,1489329961,1,'rise',NULL,NULL,NULL,1,0),
	(94,153,'image','jpg','',1489329981,1489329972,1,'willow',NULL,NULL,NULL,1,0),
	(95,154,'image','jpg','',1489329990,1489329982,1,'xproii',NULL,NULL,NULL,1,0),
	(96,135,'image','jpg','',1489330000,1489329991,1,'hudson',NULL,NULL,NULL,1,0),
	(97,135,'image','jpg','',1489330011,1489330001,1,'lofi',NULL,NULL,NULL,1,0),
	(98,156,'image','jpg','',1489330021,1489330012,1,'hefe',NULL,NULL,NULL,1,0),
	(99,159,'image','jpg','',1489330035,1489330027,1,'kelvin',NULL,NULL,NULL,1,0),
	(100,161,'image','jpg','',1489330047,1489330037,1,'sutro',NULL,NULL,NULL,1,0),
	(101,84,'image','jpg','',1489330057,1489330049,1,'moon',NULL,NULL,NULL,1,0),
	(102,130,'image','jpg','',1489330074,1489330066,1,'reyes',NULL,NULL,NULL,1,0),
	(103,135,'image','jpg','',0,1489330076,0,NULL,NULL,NULL,NULL,1,0),
	(104,90,'image','jpg','',1489330102,1489330094,1,'clarendon',NULL,NULL,NULL,1,0),
	(105,74,'image','jpg','',1489330112,1489330103,1,'hefe',NULL,NULL,NULL,1,0),
	(106,137,'image','jpg','',1489330121,1489330113,1,'nashville',NULL,NULL,NULL,1,0),
	(107,168,'image','jpg','',1489330133,1489330124,1,'walden',NULL,NULL,NULL,1,0),
	(108,85,'image','jpg','',1489330143,1489330134,1,'toaster',NULL,NULL,NULL,1,0),
	(109,82,'image','jpg','',1489330160,1489330151,1,'nashville',NULL,NULL,NULL,1,0),
	(110,158,'image','jpg','',1489330170,1489330161,1,'hudson',NULL,NULL,NULL,1,0),
	(111,99,'image','jpg','',1489330183,1489330174,1,'brannan',NULL,NULL,NULL,1,0),
	(112,19,'image','jpg','',1489330193,1489330184,1,'hudson',NULL,NULL,NULL,1,0),
	(113,176,'image','jpg','',1489330207,1489330197,1,'amaro',NULL,NULL,NULL,1,0),
	(114,181,'image','jpg','',1489330222,1489330212,1,'rise',NULL,NULL,NULL,1,0),
	(115,43,'image','jpg','',1489330232,1489330223,1,'inkwell',NULL,NULL,NULL,1,0),
	(116,185,'image','jpg','',1489330257,1489330249,1,'moon',NULL,NULL,NULL,1,0),
	(117,101,'image','jpg','',1489330286,1489330278,1,'valencia',NULL,NULL,NULL,1,0),
	(118,107,'image','jpg','',1489330299,1489330290,1,'sierra',NULL,NULL,NULL,1,0),
	(119,12,'image','jpg','',1489330328,1489330319,1,'brannan',NULL,NULL,NULL,1,0),
	(120,9,'image','jpg','',1489330343,1489330333,1,'lofi',NULL,NULL,NULL,1,0),
	(121,156,'image','jpg','',1489330352,1489330343,1,'reyes',NULL,NULL,NULL,1,0),
	(122,194,'image','jpg','',1489330363,1489330355,1,'valencia',NULL,NULL,NULL,1,0),
	(123,196,'image','jpg','',1489330383,1489330373,1,'rise',NULL,NULL,NULL,1,0),
	(124,158,'image','jpg','',1489330427,1489330419,1,'kelvin',NULL,NULL,NULL,1,0),
	(125,199,'image','jpg','',1489330443,1489330435,1,'lark',NULL,NULL,NULL,1,0),
	(126,20,'image','jpg','',1489330458,1489330448,1,'toaster',NULL,NULL,NULL,1,0),
	(127,201,'image','jpg','',1489330477,1489330468,1,'clarendon',NULL,NULL,NULL,1,0),
	(128,203,'image','jpg','',1489330490,1489330480,1,'mayfair',NULL,NULL,NULL,1,0),
	(129,118,'image','jpg','',1489330504,1489330496,1,'valencia',NULL,NULL,NULL,1,0),
	(130,184,'image','jpg','',1489330544,1489330534,1,'rise',NULL,NULL,NULL,1,0),
	(131,132,'image','jpg','',1489330562,1489330552,1,'willow',NULL,NULL,NULL,1,0),
	(132,79,'image','jpg','',1489330573,1489330565,1,'clarendon',NULL,NULL,NULL,1,0),
	(133,206,'image','jpg','',1489330597,1489330587,1,'amaro',NULL,NULL,NULL,1,0),
	(134,219,'image','jpg','',1489330624,1489330614,1,'walden',NULL,NULL,NULL,1,0),
	(135,77,'image','jpg','',1489330641,1489330632,1,'walden',NULL,NULL,NULL,1,0),
	(136,71,'image','jpg','',1489330679,1489330669,1,'xproii',NULL,NULL,NULL,1,0),
	(137,174,'image','jpg','',0,1489330713,0,NULL,NULL,NULL,NULL,1,0),
	(138,205,'image','jpg','',1489330733,1489330725,1,'moon',NULL,NULL,NULL,1,0),
	(139,113,'image','jpg','',1489330765,1489330756,1,'inkwell',NULL,NULL,NULL,1,0),
	(140,100,'image','jpg','',1489330786,1489330776,1,'amaro',NULL,NULL,NULL,1,0),
	(141,230,'image','jpg','',1489330814,1489330804,1,'hudson',NULL,NULL,NULL,1,0),
	(142,82,'image','jpg','',1489330825,1489330816,1,'brannan',NULL,NULL,NULL,1,0),
	(143,44,'image','jpg','',1489330851,1489330843,1,'inkwell',NULL,NULL,NULL,1,0),
	(144,109,'image','jpg','',1489330880,1489330871,1,'walden',NULL,NULL,NULL,1,0),
	(145,233,'image','jpg','',1489330892,1489330883,1,'hefe',NULL,NULL,NULL,1,0),
	(146,39,'image','jpg','',1489330905,1489330896,1,'walden',NULL,NULL,NULL,1,0),
	(147,237,'image','jpg','',1489330930,1489330920,1,'sutro',NULL,NULL,NULL,1,0),
	(148,21,'image','jpg','',1489330968,1489330959,1,'sutro',NULL,NULL,NULL,1,0),
	(149,187,'image','jpg','',1489330986,1489330978,1,'moon',NULL,NULL,NULL,1,0),
	(150,239,'image','jpg','',1489331005,1489330994,1,'sierra',NULL,NULL,NULL,1,0),
	(151,181,'image','jpg','',1489331020,1489331010,1,'mayfair',NULL,NULL,NULL,1,0),
	(152,197,'image','jpg','',1489331035,1489331027,1,'inkwell',NULL,NULL,NULL,1,0),
	(153,96,'image','jpg','',1489331046,1489331038,1,'reyes',NULL,NULL,NULL,1,0),
	(154,186,'image','jpg','',1489331068,1489331057,1,'willow',NULL,NULL,NULL,1,0),
	(155,156,'image','jpg','',1489331092,1489331084,1,'valencia',NULL,NULL,NULL,1,0),
	(156,244,'image','jpg','',1489331105,1489331096,1,'lark',NULL,NULL,NULL,1,0),
	(157,11,'image','jpg','',1489331116,1489331106,1,'rise',NULL,NULL,NULL,1,0),
	(158,242,'image','jpg','',1489331128,1489331118,1,'willow',NULL,NULL,NULL,1,0),
	(159,238,'image','jpg','',1489331138,1489331128,1,'earlybird',NULL,NULL,NULL,1,0),
	(160,248,'image','jpg','',1489331159,1489331151,1,'lark',NULL,NULL,NULL,1,0),
	(161,108,'image','jpg','',1489331170,1489331161,1,'walden',NULL,NULL,NULL,1,0),
	(162,167,'image','jpg','',1489331180,1489331172,1,'clarendon',NULL,NULL,NULL,1,0),
	(163,167,'image','jpg','',0,1489331184,0,NULL,NULL,NULL,NULL,1,0),
	(164,72,'image','jpg','',1489331215,1489331207,1,'valencia',NULL,NULL,NULL,1,0),
	(165,181,'image','jpg','',1489332825,1489332816,1,'moon',NULL,NULL,NULL,1,0);


INSERT INTO `profiles` (`profile_id`, `user_id`, `profile_name`, `profile_desc`, `profile_create_time`, `profile_views`, `profile_private`, `profile_picture`, `profile_key`)
VALUES
	(1,1,'profile932b3781132a87d8','',1489323121,0,0,'/Eikona/asset/default.jpg','af5e8c58-0722-11e7-b5f3-f0f0e0903453'),
	(2,1,'profileca3ebc6aa234722a','',1489323143,0,0,'/Eikona/asset/default.jpg','bcdcadd8-0722-11e7-b5f3-f0f0e0903453'),
	(3,1,'profile3b2496a5b4882eb4','',1489323243,0,0,'/Eikona/asset/default.jpg','f8306956-0722-11e7-b5f3-f0f0e0903453'),
	(4,2,'profile21c6767f95cf124b','',1489323653,0,0,'/Eikona/asset/default.jpg','ecb9035c-0723-11e7-b5f3-f0f0e0903453'),
	(5,3,'profile6ca5d6a8ea2294a1','',1489323987,0,0,'/Eikona/asset/default.jpg','b3d4ec9e-0724-11e7-b5f3-f0f0e0903453'),
	(6,2,'profileb98a9195d8e7cf28','',1489324311,0,0,'/Eikona/asset/default.jpg','74ad8ef8-0725-11e7-b5f3-f0f0e0903453'),
	(7,4,'profile239f419a2f2fb96d','',1489324312,0,0,'/Eikona/asset/default.jpg','75949104-0725-11e7-b5f3-f0f0e0903453'),
	(8,5,'profile8f8fd29f259927db','',1489324398,0,0,'/Eikona/asset/default.jpg','a8d879e0-0725-11e7-b5f3-f0f0e0903453'),
	(9,6,'profile07a11dca80ea3c1e','',1489324400,0,0,'/Eikona/asset/default.jpg','a9d70aaa-0725-11e7-b5f3-f0f0e0903453'),
	(10,7,'profile5c9c40aad3d9ca91','',1489324401,0,0,'/Eikona/asset/default.jpg','aad81390-0725-11e7-b5f3-f0f0e0903453'),
	(11,4,'profile7d8c9cac90322826','',1489324442,0,0,'/Eikona/asset/default.jpg','c2d2a35c-0725-11e7-b5f3-f0f0e0903453'),
	(12,4,'profile67761d67cf751bfa','',1489324443,0,0,'/Eikona/asset/default.jpg','c3c42510-0725-11e7-b5f3-f0f0e0903453'),
	(13,3,'profilebb8e7267d71da3ec','',1489324450,0,0,'/Eikona/asset/default.jpg','c804e178-0725-11e7-b5f3-f0f0e0903453'),
	(14,7,'profile99e6a9a965384773','',1489324462,0,0,'/Eikona/asset/default.jpg','ceb6a024-0725-11e7-b5f3-f0f0e0903453'),
	(15,7,'profile163a1e185569c376','',1489324463,0,0,'/Eikona/asset/default.jpg','cfa5c5d2-0725-11e7-b5f3-f0f0e0903453'),
	(16,8,'profile67d4e0fa633b6996','',1489324507,0,0,'/Eikona/asset/default.jpg','ea06fd60-0725-11e7-b5f3-f0f0e0903453'),
	(17,9,'profile55ffbf32c5483c53','',1489324748,0,0,'/Eikona/asset/default.jpg','79407196-0726-11e7-b5f3-f0f0e0903453'),
	(18,10,'profile096c8ed7e935d2ed','',1489324761,0,0,'/Eikona/asset/default.jpg','81221e64-0726-11e7-b5f3-f0f0e0903453'),
	(19,11,'profile588bcefd6f1ff5d9','',1489324762,0,0,'/Eikona/asset/default.jpg','8178c4ee-0726-11e7-b5f3-f0f0e0903453'),
	(20,12,'profile39c73398653ea962','',1489324775,0,0,'/Eikona/asset/default.jpg','89580e5e-0726-11e7-b5f3-f0f0e0903453'),
	(21,13,'profilea275dbd4924f22c0','',1489324788,0,0,'/Eikona/asset/default.jpg','911a0aac-0726-11e7-b5f3-f0f0e0903453'),
	(22,12,'profile712a6c532b2e92ba','',1489324789,0,0,'/Eikona/asset/default.jpg','920a4918-0726-11e7-b5f3-f0f0e0903453'),
	(23,14,'profiled40e83f9ba1e9e8e','',1489324791,0,0,'/Eikona/asset/default.jpg','930c9fbe-0726-11e7-b5f3-f0f0e0903453'),
	(24,13,'profile23efb95c5e24a5d0','',1489324801,0,0,'/Eikona/asset/default.jpg','990538e0-0726-11e7-b5f3-f0f0e0903453'),
	(25,15,'profileb21597396b80f06a','',1489324803,0,0,'/Eikona/asset/default.jpg','9a0bdfdc-0726-11e7-b5f3-f0f0e0903453'),
	(26,16,'profile7f7267151e366c80','',1489324804,0,0,'/Eikona/asset/default.jpg','9afce35a-0726-11e7-b5f3-f0f0e0903453'),
	(27,8,'profileb089a5c269d2a252','',1489324815,0,0,'/Eikona/asset/default.jpg','a110e12e-0726-11e7-b5f3-f0f0e0903453'),
	(28,9,'profile17d03a9c873fdb77','',1489324829,0,0,'/Eikona/asset/default.jpg','a982afb8-0726-11e7-b5f3-f0f0e0903453'),
	(29,17,'profilee9e977d070da3a52','',1489324830,0,0,'/Eikona/asset/default.jpg','aa754962-0726-11e7-b5f3-f0f0e0903453'),
	(30,18,'profile14f59f8510ca003a','',1489324840,0,0,'/Eikona/asset/default.jpg','b05536e4-0726-11e7-b5f3-f0f0e0903453'),
	(31,18,'profile0e08de8219624b9f','',1489324850,0,0,'/Eikona/asset/default.jpg','b6705522-0726-11e7-b5f3-f0f0e0903453'),
	(32,19,'profile3b1f6e66e7503f25','',1489324864,0,0,'/Eikona/asset/default.jpg','be95d5ba-0726-11e7-b5f3-f0f0e0903453'),
	(33,20,'profile143a36d82d4e0914','',1489324865,0,0,'/Eikona/asset/default.jpg','beec6f7e-0726-11e7-b5f3-f0f0e0903453'),
	(34,6,'profile21cdcf8192f4afe3','',1489324866,0,0,'/Eikona/asset/default.jpg','bfeb3996-0726-11e7-b5f3-f0f0e0903453'),
	(35,21,'profilef391712321fa683a','',1489324867,0,0,'/Eikona/asset/default.jpg','c0411a5a-0726-11e7-b5f3-f0f0e0903453'),
	(36,14,'profileab0cb6741dec8294','',1489324887,0,0,'/Eikona/asset/default.jpg','cc515e5e-0726-11e7-b5f3-f0f0e0903453'),
	(37,2,'profileb5e3b5c0f6fdcd99','',1489324899,0,0,'/Eikona/asset/default.jpg','d32a6dec-0726-11e7-b5f3-f0f0e0903453'),
	(38,9,'profile8227a8209e2a8358','',1489324911,0,0,'/Eikona/asset/default.jpg','daa6b68e-0726-11e7-b5f3-f0f0e0903453'),
	(39,22,'profile63f85cc262bc9609','',1489324922,0,0,'/Eikona/asset/default.jpg','e119bbe2-0726-11e7-b5f3-f0f0e0903453'),
	(40,23,'profilec930d0687d59e0b6','',1489324950,0,0,'/Eikona/asset/default.jpg','f1c3d0c2-0726-11e7-b5f3-f0f0e0903453'),
	(41,14,'profile692cc777879eb828','',1489324963,0,0,'/Eikona/asset/default.jpg','f9722652-0726-11e7-b5f3-f0f0e0903453'),
	(42,24,'profilea7e1c6c36f2339d5','',1489324964,0,0,'/Eikona/asset/default.jpg','fa639500-0726-11e7-b5f3-f0f0e0903453'),
	(43,25,'profilee3d7c26c5e77ac05','',1489324966,0,0,'/Eikona/asset/default.jpg','fb0daa5e-0726-11e7-b5f3-f0f0e0903453'),
	(44,26,'profile1ea5936dfe460632','',1489324967,0,0,'/Eikona/asset/default.jpg','fc0ff344-0726-11e7-b5f3-f0f0e0903453'),
	(45,27,'profile6d1c9b81d450e53c','',1489324976,0,0,'/Eikona/asset/default.jpg','019414d0-0727-11e7-b5f3-f0f0e0903453'),
	(46,28,'profilefa40807fd1658a77','',1489324979,0,0,'/Eikona/asset/default.jpg','02f3575a-0727-11e7-b5f3-f0f0e0903453'),
	(47,29,'profile26862fa4477e25a7','',1489324980,0,0,'/Eikona/asset/default.jpg','03f43994-0727-11e7-b5f3-f0f0e0903453'),
	(48,22,'profile06182250e6bbbde1','',1489324983,0,0,'/Eikona/asset/default.jpg','059c72ca-0727-11e7-b5f3-f0f0e0903453'),
	(49,30,'profiled0195aa7643754ff','',1489324985,0,0,'/Eikona/asset/default.jpg','069c3d7c-0727-11e7-b5f3-f0f0e0903453'),
	(50,31,'profile2b23701c5927772d','',1489324987,0,0,'/Eikona/asset/default.jpg','07f01b8a-0727-11e7-b5f3-f0f0e0903453'),
	(51,32,'profile445466ca5eec1b0d','',1489324989,0,0,'/Eikona/asset/default.jpg','09470566-0727-11e7-b5f3-f0f0e0903453'),
	(52,31,'profile545f66647fb5a9ce','',1489325000,0,0,'/Eikona/asset/default.jpg','0f53e50a-0727-11e7-b5f3-f0f0e0903453'),
	(53,33,'profileb725b40228d43bd4','',1489325001,0,0,'/Eikona/asset/default.jpg','10447c86-0727-11e7-b5f3-f0f0e0903453'),
	(54,10,'profile0bf017e4592d44b1','',1489325008,0,0,'/Eikona/asset/default.jpg','144c88be-0727-11e7-b5f3-f0f0e0903453'),
	(55,23,'profile14b47f878a364007','',1489325019,0,0,'/Eikona/asset/default.jpg','1ad74b56-0727-11e7-b5f3-f0f0e0903453'),
	(56,34,'profilea36386fb8db7c5a3','',1489325020,0,0,'/Eikona/asset/default.jpg','1bc759f2-0727-11e7-b5f3-f0f0e0903453'),
	(57,35,'profilee411dc7273716b5f','',1489325021,0,0,'/Eikona/asset/default.jpg','1c1c994e-0727-11e7-b5f3-f0f0e0903453'),
	(58,17,'profile79ca475ee58ff43f','',1489325043,0,0,'/Eikona/asset/default.jpg','295a9af2-0727-11e7-b5f3-f0f0e0903453'),
	(59,36,'profile09c00898e951e7d9','',1489325044,0,0,'/Eikona/asset/default.jpg','29b1c066-0727-11e7-b5f3-f0f0e0903453'),
	(60,19,'profilea351d5264f1fb1a6','',1489325079,0,0,'/Eikona/asset/default.jpg','3ee56e10-0727-11e7-b5f3-f0f0e0903453'),
	(61,37,'profilec42e90dbe3a1af42','',1489325090,0,0,'/Eikona/asset/default.jpg','44fb3d48-0727-11e7-b5f3-f0f0e0903453'),
	(62,38,'profile57ac0f7b21bdff53','',1489325091,0,0,'/Eikona/asset/default.jpg','45b97a2e-0727-11e7-b5f3-f0f0e0903453'),
	(63,39,'profile0fcff0567a5fe51b','',1489325093,0,0,'/Eikona/asset/default.jpg','46fd5f2c-0727-11e7-b5f3-f0f0e0903453'),
	(64,40,'profilee286429463298a44','',1489325095,0,0,'/Eikona/asset/default.jpg','47fe233e-0727-11e7-b5f3-f0f0e0903453'),
	(65,41,'profilefcf589d221fcc367','',1489325106,0,0,'/Eikona/asset/default.jpg','4ebf577e-0727-11e7-b5f3-f0f0e0903453'),
	(66,18,'profilec0ba2dbf1059ccb0','',1489325109,0,0,'/Eikona/asset/default.jpg','50bad2a6-0727-11e7-b5f3-f0f0e0903453'),
	(67,20,'profileb91faff492b7842e','',1489325113,0,0,'/Eikona/asset/default.jpg','52b4cd3c-0727-11e7-b5f3-f0f0e0903453'),
	(68,42,'profile987b7310f7ea3eec','',1489325114,0,0,'/Eikona/asset/default.jpg','53a47a12-0727-11e7-b5f3-f0f0e0903453'),
	(69,43,'profileeac8fd50640a1084','',1489325129,0,0,'/Eikona/asset/default.jpg','5c4a7234-0727-11e7-b5f3-f0f0e0903453'),
	(70,10,'profile4f4e1f24f7999a0c','',1489325133,0,0,'/Eikona/asset/default.jpg','5e9a34ca-0727-11e7-b5f3-f0f0e0903453'),
	(71,44,'profilee2fecd88d19348d1','',1489325144,0,0,'/Eikona/asset/default.jpg','6568b1aa-0727-11e7-b5f3-f0f0e0903453'),
	(72,31,'profiled45378c41ca36145','',1489325145,0,0,'/Eikona/asset/default.jpg','65bc959a-0727-11e7-b5f3-f0f0e0903453'),
	(73,45,'profile8d667affbc3d23eb','',1489325154,0,0,'/Eikona/asset/default.jpg','6b581efc-0727-11e7-b5f3-f0f0e0903453'),
	(74,46,'profile2f06dce1af62b2e7','',1489325156,0,0,'/Eikona/asset/default.jpg','6cadfb50-0727-11e7-b5f3-f0f0e0903453'),
	(75,27,'profile5ce5dce59aa9a6a5','',1489325157,0,0,'/Eikona/asset/default.jpg','6d02975a-0727-11e7-b5f3-f0f0e0903453'),
	(76,15,'profile8542909f3caa0266','',1489325158,0,0,'/Eikona/asset/default.jpg','6daaa47c-0727-11e7-b5f3-f0f0e0903453'),
	(77,47,'profiled5ddae350b3a729c','',1489325171,0,0,'/Eikona/asset/default.jpg','7559e17e-0727-11e7-b5f3-f0f0e0903453'),
	(78,48,'profile6e66213b1699f45d','',1489325173,0,0,'/Eikona/asset/default.jpg','76abaf9e-0727-11e7-b5f3-f0f0e0903453'),
	(79,49,'profile2269571264b49ff6','',1489325174,0,0,'/Eikona/asset/default.jpg','7754ec4e-0727-11e7-b5f3-f0f0e0903453'),
	(80,50,'profile149b1736c9f34a26','',1489325175,0,0,'/Eikona/asset/default.jpg','77aa51d4-0727-11e7-b5f3-f0f0e0903453'),
	(81,51,'profile508191a714c6f2a1','',1489325176,0,0,'/Eikona/asset/default.jpg','7854f206-0727-11e7-b5f3-f0f0e0903453'),
	(82,52,'profile64f229b7f1b0f698','',1489325184,0,0,'/Eikona/asset/default.jpg','7d44f860-0727-11e7-b5f3-f0f0e0903453'),
	(83,50,'profile951f39701c8d4a74','',1489325185,0,0,'/Eikona/asset/default.jpg','7d993e98-0727-11e7-b5f3-f0f0e0903453'),
	(84,35,'profile1fb7e669f1478886','',1489325186,0,0,'/Eikona/asset/default.jpg','7e8948d4-0727-11e7-b5f3-f0f0e0903453'),
	(85,53,'profile489249d70adf6131','',1489325193,0,0,'/Eikona/asset/default.jpg','82ae67be-0727-11e7-b5f3-f0f0e0903453'),
	(86,54,'profilec0d111eea155b8f8','',1489325194,0,0,'/Eikona/asset/default.jpg','830479ec-0727-11e7-b5f3-f0f0e0903453'),
	(87,55,'profile0f50f7375a414cbd','',1489325203,0,0,'/Eikona/asset/default.jpg','88ddf92e-0727-11e7-b5f3-f0f0e0903453'),
	(88,56,'profile2da516e4e8db2960','',1489325226,0,0,'/Eikona/asset/default.jpg','967d2a1e-0727-11e7-b5f3-f0f0e0903453'),
	(89,57,'profilebe46ec1b95a519de','',1489325227,0,0,'/Eikona/asset/default.jpg','9727cea6-0727-11e7-b5f3-f0f0e0903453'),
	(90,19,'profile01a73d606c171ab4','',1489325239,0,0,'/Eikona/asset/default.jpg','9dce0658-0727-11e7-b5f3-f0f0e0903453'),
	(91,39,'profile496f82591b0fa1bb','',1489325240,0,0,'/Eikona/asset/default.jpg','9ebde27c-0727-11e7-b5f3-f0f0e0903453'),
	(92,54,'profile5457df27a57fc153','',1489325241,0,0,'/Eikona/asset/default.jpg','9f681bb6-0727-11e7-b5f3-f0f0e0903453'),
	(93,3,'profilea1bdb9233661b60c','',1489325251,0,0,'/Eikona/asset/default.jpg','a563236c-0727-11e7-b5f3-f0f0e0903453'),
	(94,58,'profile8340496d13e9625d','',1489325260,0,0,'/Eikona/asset/default.jpg','aac3ba74-0727-11e7-b5f3-f0f0e0903453'),
	(95,51,'profile9ff20e3801a00327','',1489325269,0,0,'/Eikona/asset/default.jpg','b03079de-0727-11e7-b5f3-f0f0e0903453'),
	(96,48,'profile3455a89659f6e329','',1489325274,0,0,'/Eikona/asset/default.jpg','b2da394a-0727-11e7-b5f3-f0f0e0903453'),
	(97,32,'profileb5aa6646dd2b03a1','',1489325285,0,0,'/Eikona/asset/default.jpg','b938188e-0727-11e7-b5f3-f0f0e0903453'),
	(98,59,'profilec693314a6d345aff','',1489325286,0,0,'/Eikona/asset/default.jpg','b9e54a72-0727-11e7-b5f3-f0f0e0903453'),
	(99,8,'profile0af54a8583f1b932','',1489325294,0,0,'/Eikona/asset/default.jpg','beb671f2-0727-11e7-b5f3-f0f0e0903453'),
	(100,60,'profile23fee29aaefb2fb9','',1489325303,0,0,'/Eikona/asset/default.jpg','c4491282-0727-11e7-b5f3-f0f0e0903453'),
	(101,61,'profilea953b05c200aadde','',1489325305,0,0,'/Eikona/asset/default.jpg','c54c3c22-0727-11e7-b5f3-f0f0e0903453'),
	(102,62,'profile85a0b27c3305695e','',1489325309,0,0,'/Eikona/asset/default.jpg','c7f468d2-0727-11e7-b5f3-f0f0e0903453'),
	(103,57,'profilefc268e4df26ec088','',1489325312,0,0,'/Eikona/asset/default.jpg','c947a384-0727-11e7-b5f3-f0f0e0903453'),
	(104,48,'profile2cc5dbb7759a58c3','',1489325313,0,0,'/Eikona/asset/default.jpg','ca37f6fe-0727-11e7-b5f3-f0f0e0903453'),
	(105,40,'profile14797aa211c64de9','',1489325315,0,0,'/Eikona/asset/default.jpg','cb8beae2-0727-11e7-b5f3-f0f0e0903453'),
	(106,62,'profileea0b42e1cf030311','',1489325316,0,0,'/Eikona/asset/default.jpg','cc3654dc-0727-11e7-b5f3-f0f0e0903453'),
	(107,63,'profile34f32551d3dd3c83','',1489329283,0,0,'/Eikona/asset/default.jpg','088ceb18-0731-11e7-b5f3-f0f0e0903453'),
	(108,64,'profileff8edff485d0c8b6','',1489329469,0,0,'/Eikona/asset/default.jpg','77a20ef2-0731-11e7-b5f3-f0f0e0903453'),
	(109,59,'profile79492a5ee609c282','',1489329550,0,0,'/Eikona/asset/default.jpg','a754daf8-0731-11e7-b5f3-f0f0e0903453'),
	(110,29,'profilee4da067e9a672b8b','',1489329551,0,0,'/Eikona/asset/default.jpg','a84fb45a-0731-11e7-b5f3-f0f0e0903453'),
	(111,65,'profile1e3e5e9d856a6fa2','',1489329589,0,0,'/Eikona/asset/default.jpg','beddbd8e-0731-11e7-b5f3-f0f0e0903453'),
	(112,34,'profilee70ce546d5446211','',1489329590,0,0,'/Eikona/asset/default.jpg','bf325bb4-0731-11e7-b5f3-f0f0e0903453'),
	(113,57,'profilef3f79b4d23c865f4','',1489329591,0,0,'/Eikona/asset/default.jpg','c031786a-0731-11e7-b5f3-f0f0e0903453'),
	(114,66,'profile6b0e3fb2687b053f','',1489329615,0,0,'/Eikona/asset/default.jpg','ce9c875a-0731-11e7-b5f3-f0f0e0903453'),
	(115,67,'profilea5ffd9e66bcc4990','',1489329616,0,0,'/Eikona/asset/default.jpg','cef1a88e-0731-11e7-b5f3-f0f0e0903453'),
	(116,39,'profile2aa34e6afe34cb90','',1489329617,0,0,'/Eikona/asset/default.jpg','cf9c7110-0731-11e7-b5f3-f0f0e0903453'),
	(117,68,'profile2a5de7bea56b69dc','',1489329629,0,0,'/Eikona/asset/default.jpg','d6d4321a-0731-11e7-b5f3-f0f0e0903453'),
	(118,32,'profilecd794092ec2e7ab1','',1489329630,0,0,'/Eikona/asset/default.jpg','d7298b16-0731-11e7-b5f3-f0f0e0903453'),
	(119,69,'profile916ee1373542b0f6','',1489329633,0,0,'/Eikona/asset/default.jpg','d9263482-0731-11e7-b5f3-f0f0e0903453'),
	(120,70,'profileb219fa895a2c98da','',1489329634,0,0,'/Eikona/asset/default.jpg','d97c27ca-0731-11e7-b5f3-f0f0e0903453'),
	(121,52,'profilea12f8b0b72678508','',1489329647,0,0,'/Eikona/asset/default.jpg','e198384a-0731-11e7-b5f3-f0f0e0903453'),
	(122,72,'profilebff71ec42c7451ee','',1489329652,0,0,'/Eikona/asset/default.jpg','e4480944-0731-11e7-b5f3-f0f0e0903453'),
	(123,73,'profilec95dfdea29e87883','',1489329657,0,0,'/Eikona/asset/default.jpg','e758b3f4-0731-11e7-b5f3-f0f0e0903453'),
	(124,74,'profile9601ac6c777a68fd','',1489329692,0,0,'/Eikona/asset/default.jpg','fc08c80c-0731-11e7-b5f3-f0f0e0903453'),
	(125,21,'profileb5bfaaba6b01e5e5','',1489329695,0,0,'/Eikona/asset/default.jpg','fe24125e-0731-11e7-b5f3-f0f0e0903453'),
	(126,75,'profile6fa8d033bf9d3e35','',1489329705,0,0,'/Eikona/asset/default.jpg','03f1f8b8-0732-11e7-b5f3-f0f0e0903453'),
	(127,76,'profile396ca5d0129027fd','',1489329714,0,0,'/Eikona/asset/default.jpg','099d3124-0732-11e7-b5f3-f0f0e0903453'),
	(128,61,'profile66741825d209b860','',1489329726,0,0,'/Eikona/asset/default.jpg','108ba0d8-0732-11e7-b5f3-f0f0e0903453'),
	(129,38,'profilebdde45849241b2d0','',1489329740,0,0,'/Eikona/asset/default.jpg','18f36c1a-0732-11e7-b5f3-f0f0e0903453'),
	(130,77,'profile73b29a474c9d3010','',1489329742,0,0,'/Eikona/asset/default.jpg','19f5bd84-0732-11e7-b5f3-f0f0e0903453'),
	(131,78,'profile1c1702ef0cdfaa38','',1489329743,0,0,'/Eikona/asset/default.jpg','1ae5ba0a-0732-11e7-b5f3-f0f0e0903453'),
	(132,71,'profile48252b62d6cfd514','',1489329744,0,0,'/Eikona/asset/default.jpg','1b3a903e-0732-11e7-b5f3-f0f0e0903453'),
	(133,33,'profilef1c746b8565f968d','',1489329746,0,0,'/Eikona/asset/default.jpg','1c398ba2-0732-11e7-b5f3-f0f0e0903453'),
	(134,79,'profilec927253fbe50e2f1','',1489329749,0,0,'/Eikona/asset/default.jpg','1e395f0e-0732-11e7-b5f3-f0f0e0903453'),
	(135,80,'profile26432a318b85e217','',1489329750,0,0,'/Eikona/asset/default.jpg','1e8fec7a-0732-11e7-b5f3-f0f0e0903453'),
	(136,66,'profile76b3880bcd27bd98','',1489329751,0,0,'/Eikona/asset/default.jpg','1f7d8a5c-0732-11e7-b5f3-f0f0e0903453'),
	(137,81,'profilea8f5b54f6df7032f','',1489329781,0,0,'/Eikona/asset/default.jpg','310f5bba-0732-11e7-b5f3-f0f0e0903453'),
	(138,82,'profile514ae62b22cdef06','',1489329836,0,0,'/Eikona/asset/default.jpg','5245871e-0732-11e7-b5f3-f0f0e0903453'),
	(139,83,'profile67afeb4e25be87d5','',1489329837,0,0,'/Eikona/asset/default.jpg','52f79c10-0732-11e7-b5f3-f0f0e0903453'),
	(140,28,'profilec937b71a7ce4a21f','',1489329844,0,0,'/Eikona/asset/default.jpg','56cdddae-0732-11e7-b5f3-f0f0e0903453'),
	(141,42,'profile8c0c9c31915bd79f','',1489329845,0,0,'/Eikona/asset/default.jpg','574c5bac-0732-11e7-b5f3-f0f0e0903453'),
	(142,70,'profilebee80d0b54aa29f8','',1489329848,0,0,'/Eikona/asset/default.jpg','5928ab9c-0732-11e7-b5f3-f0f0e0903453'),
	(143,84,'profile5c995951bc4915ee','',1489329851,0,0,'/Eikona/asset/default.jpg','5ad75d30-0732-11e7-b5f3-f0f0e0903453'),
	(144,67,'profile4b994cc1fb05baf6','',1489329852,0,0,'/Eikona/asset/default.jpg','5bc6fd54-0732-11e7-b5f3-f0f0e0903453'),
	(145,85,'profilec80ade069a79e88a','',1489329854,0,0,'/Eikona/asset/default.jpg','5cc66ba4-0732-11e7-b5f3-f0f0e0903453'),
	(146,86,'profile38e8b232d0396fcd','',1489329865,0,0,'/Eikona/asset/default.jpg','63320408-0732-11e7-b5f3-f0f0e0903453'),
	(147,87,'profile565a4b41b3b8105a','',1489329889,0,0,'/Eikona/asset/default.jpg','71d5f406-0732-11e7-b5f3-f0f0e0903453'),
	(148,29,'profile6e70ab86bac44ef2','',1489329937,0,0,'/Eikona/asset/default.jpg','8e7aa3a4-0732-11e7-b5f3-f0f0e0903453'),
	(149,71,'profile91d03cca5a0b538b','',1489329938,0,0,'/Eikona/asset/default.jpg','8f25c4e6-0732-11e7-b5f3-f0f0e0903453'),
	(150,88,'profile14b19a3f60df1e04','',1489329939,0,0,'/Eikona/asset/default.jpg','8f7d0062-0732-11e7-b5f3-f0f0e0903453'),
	(151,89,'profile97ed16df0bf289ef','',1489329941,0,0,'/Eikona/asset/default.jpg','90d0b256-0732-11e7-b5f3-f0f0e0903453'),
	(152,69,'profilefce640e01e3e6bbc','',1489329951,0,0,'/Eikona/asset/default.jpg','966b3736-0732-11e7-b5f3-f0f0e0903453'),
	(153,83,'profile81096083916c4618','',1489329971,0,0,'/Eikona/asset/default.jpg','a2d7bd6e-0732-11e7-b5f3-f0f0e0903453'),
	(154,90,'profile7ca87bf3dee87040','',1489329981,0,0,'/Eikona/asset/default.jpg','a8ce3c34-0732-11e7-b5f3-f0f0e0903453'),
	(155,16,'profile87ead165666fda90','',1489330001,0,0,'/Eikona/asset/default.jpg','b458c0ce-0732-11e7-b5f3-f0f0e0903453'),
	(156,91,'profile66235514abf5fab5','',1489330012,0,0,'/Eikona/asset/default.jpg','bb033a12-0732-11e7-b5f3-f0f0e0903453'),
	(157,51,'profiled15b05cb4d067d3d','',1489330023,0,0,'/Eikona/asset/default.jpg','c150b552-0732-11e7-b5f3-f0f0e0903453'),
	(158,92,'profile59209aec7903cf25','',1489330026,0,0,'/Eikona/asset/default.jpg','c34f08fe-0732-11e7-b5f3-f0f0e0903453'),
	(159,44,'profile8d800c39a408e8f6','',1489330027,0,0,'/Eikona/asset/default.jpg','c3a3c240-0732-11e7-b5f3-f0f0e0903453'),
	(160,93,'profile5220535057e4d198','',1489330036,0,0,'/Eikona/asset/default.jpg','c915fb94-0732-11e7-b5f3-f0f0e0903453'),
	(161,94,'profile637a805010f2d7c6','',1489330037,0,0,'/Eikona/asset/default.jpg','ca15d06e-0732-11e7-b5f3-f0f0e0903453'),
	(162,95,'profile9f3334472e4a2308','',1489330058,0,0,'/Eikona/asset/default.jpg','d68d7f36-0732-11e7-b5f3-f0f0e0903453'),
	(163,75,'profile9df7186f8e154361','',1489330060,0,0,'/Eikona/asset/default.jpg','d7e33e2a-0732-11e7-b5f3-f0f0e0903453'),
	(164,36,'profile246a7f98b5b1ef21','',1489330076,0,0,'/Eikona/asset/default.jpg','e0e7daa8-0732-11e7-b5f3-f0f0e0903453'),
	(165,96,'profile3e830b86780250e9','',1489330083,0,0,'/Eikona/asset/default.jpg','e54eaad6-0732-11e7-b5f3-f0f0e0903453'),
	(166,97,'profile31d7a711247d8faf','',1489330085,0,0,'/Eikona/asset/default.jpg','e66df6f6-0732-11e7-b5f3-f0f0e0903453'),
	(167,98,'profile18e572059bba2665','',1489330089,0,0,'/Eikona/asset/default.jpg','e8e72916-0732-11e7-b5f3-f0f0e0903453'),
	(168,99,'profilec9be88b54b081d9a','',1489330124,0,0,'/Eikona/asset/default.jpg','fd77f158-0732-11e7-b5f3-f0f0e0903453'),
	(169,89,'profile820c325d2d8b2da8','',1489330133,0,0,'/Eikona/asset/default.jpg','034163bc-0733-11e7-b5f3-f0f0e0903453'),
	(170,100,'profilec3e34e891909ec96','',1489330147,0,0,'/Eikona/asset/default.jpg','0b812fda-0733-11e7-b5f3-f0f0e0903453'),
	(171,101,'profile0c9094efe2ba8391','',1489330160,0,0,'/Eikona/asset/default.jpg','13620512-0733-11e7-b5f3-f0f0e0903453'),
	(172,102,'profile024c56f66edceeaf','',1489330171,0,0,'/Eikona/asset/default.jpg','1a0e136a-0733-11e7-b5f3-f0f0e0903453'),
	(173,60,'profile7484c182a2af20e7','',1489330173,0,0,'/Eikona/asset/default.jpg','1ab7ab96-0733-11e7-b5f3-f0f0e0903453'),
	(174,103,'profile29a963c499b2e06a','',1489330194,0,0,'/Eikona/asset/default.jpg','2746218a-0733-11e7-b5f3-f0f0e0903453'),
	(175,45,'profile25519a783dbd8e83','',1489330195,0,0,'/Eikona/asset/default.jpg','28453c1a-0733-11e7-b5f3-f0f0e0903453'),
	(176,97,'profile1238450b560e2146','',1489330197,0,0,'/Eikona/asset/default.jpg','2945f29e-0733-11e7-b5f3-f0f0e0903453'),
	(177,104,'profile822c4c989b88751b','',1489330208,0,0,'/Eikona/asset/default.jpg','2fae3e5c-0733-11e7-b5f3-f0f0e0903453'),
	(178,100,'profile21c15a09237b7661','',1489330209,0,0,'/Eikona/asset/default.jpg','309f51ca-0733-11e7-b5f3-f0f0e0903453'),
	(179,105,'profilebdcdb0cc81d477d7','',1489330210,0,0,'/Eikona/asset/default.jpg','30f5cca8-0733-11e7-b5f3-f0f0e0903453'),
	(180,106,'profile64de36f037dbb8fa','',1489330211,0,0,'/Eikona/asset/default.jpg','31e4eda6-0733-11e7-b5f3-f0f0e0903453'),
	(181,107,'profilee83078d2ef5f3641','',1489330212,0,0,'/Eikona/asset/default.jpg','323c3af2-0733-11e7-b5f3-f0f0e0903453'),
	(182,108,'profile726300a5148b2ace','',1489330223,0,0,'/Eikona/asset/default.jpg','3883e16c-0733-11e7-b5f3-f0f0e0903453'),
	(183,107,'profile7b0c29132c923468','',1489330233,0,0,'/Eikona/asset/default.jpg','3e846172-0733-11e7-b5f3-f0f0e0903453'),
	(184,17,'profile682b936b727c4ee5','',1489330244,0,0,'/Eikona/asset/default.jpg','45489762-0733-11e7-b5f3-f0f0e0903453'),
	(185,109,'profile020fd51b6fceb0a3','',1489330249,0,0,'/Eikona/asset/default.jpg','48462aec-0733-11e7-b5f3-f0f0e0903453'),
	(186,110,'profilee02b3884ac2bb910','',1489330261,0,0,'/Eikona/asset/default.jpg','4f2f83e4-0733-11e7-b5f3-f0f0e0903453'),
	(187,111,'profile3eebbfbc8fca0073','',1489330264,0,0,'/Eikona/asset/default.jpg','51363548-0733-11e7-b5f3-f0f0e0903453'),
	(188,112,'profile314754c338e15363','',1489330273,0,0,'/Eikona/asset/default.jpg','56aae398-0733-11e7-b5f3-f0f0e0903453'),
	(189,113,'profile5a7c103ff920be3c','',1489330314,0,0,'/Eikona/asset/default.jpg','6f19c3d6-0733-11e7-b5f3-f0f0e0903453'),
	(190,114,'profile98de35cbed7bb63d','',1489330317,0,0,'/Eikona/asset/default.jpg','70ba93c8-0733-11e7-b5f3-f0f0e0903453'),
	(191,87,'profilede4851abca0c6f06','',1489330329,0,0,'/Eikona/asset/default.jpg','7822f1dc-0733-11e7-b5f3-f0f0e0903453'),
	(192,67,'profile19ea4437e4403343','',1489330331,0,0,'/Eikona/asset/default.jpg','79226f2c-0733-11e7-b5f3-f0f0e0903453'),
	(193,115,'profile73f06033586614e3','',1489330353,0,0,'/Eikona/asset/default.jpg','86212d08-0733-11e7-b5f3-f0f0e0903453'),
	(194,116,'profile9ac7c0d331bfc71f','',1489330355,0,0,'/Eikona/asset/default.jpg','8772bd16-0733-11e7-b5f3-f0f0e0903453'),
	(195,42,'profile55640af6a5b60a25','',1489330366,0,0,'/Eikona/asset/default.jpg','8e44e56a-0733-11e7-b5f3-f0f0e0903453'),
	(196,117,'profile39876a3dd90e8f8d','',1489330373,0,0,'/Eikona/asset/default.jpg','92166bf0-0733-11e7-b5f3-f0f0e0903453'),
	(197,118,'profile455f85d4c5dacbeb','',1489330387,0,0,'/Eikona/asset/default.jpg','9acb92fc-0733-11e7-b5f3-f0f0e0903453'),
	(198,119,'profilecf5bcbd4db24ef56','',1489330414,0,0,'/Eikona/asset/default.jpg','aa717fbe-0733-11e7-b5f3-f0f0e0903453'),
	(199,120,'profilebe735f34056d43f4','',1489330435,0,0,'/Eikona/asset/default.jpg','b719f19c-0733-11e7-b5f3-f0f0e0903453'),
	(200,121,'profile7394a923d1049240','',1489330446,0,0,'/Eikona/asset/default.jpg','bdc1554e-0733-11e7-b5f3-f0f0e0903453'),
	(201,122,'profile3fe1009bc1c445ce','',1489330468,0,0,'/Eikona/asset/default.jpg','cad4c496-0733-11e7-b5f3-f0f0e0903453'),
	(202,87,'profile27737a9f8ba0dc4a','',1489330479,0,0,'/Eikona/asset/default.jpg','d1120a6c-0733-11e7-b5f3-f0f0e0903453'),
	(203,86,'profile6461171c8b6e18f6','',1489330480,0,0,'/Eikona/asset/default.jpg','d1bc9c84-0733-11e7-b5f3-f0f0e0903453'),
	(204,68,'profile0a3094757d77a3a1','',1489330490,0,0,'/Eikona/asset/default.jpg','d828eef6-0733-11e7-b5f3-f0f0e0903453'),
	(205,123,'profilee0e6dc2d32751fe7','',1489330491,0,0,'/Eikona/asset/default.jpg','d880cd88-0733-11e7-b5f3-f0f0e0903453'),
	(206,61,'profile5ddb9576f1948a37','',1489330493,0,0,'/Eikona/asset/default.jpg','d9e2f7d2-0733-11e7-b5f3-f0f0e0903453'),
	(207,124,'profiled72adfd5902213e1','',1489330494,0,0,'/Eikona/asset/default.jpg','da39f2a8-0733-11e7-b5f3-f0f0e0903453'),
	(208,13,'profilefc4ede17b321f861','',1489330509,0,0,'/Eikona/asset/default.jpg','e34fe0b4-0733-11e7-b5f3-f0f0e0903453'),
	(209,125,'profile1c4284714180340d','',1489330511,0,0,'/Eikona/asset/default.jpg','e449a7f2-0733-11e7-b5f3-f0f0e0903453'),
	(210,126,'profile8aac20738cd5f182','',1489330513,0,0,'/Eikona/asset/default.jpg','e579e8d0-0733-11e7-b5f3-f0f0e0903453'),
	(211,127,'profile6224132183860028','',1489330520,0,0,'/Eikona/asset/default.jpg','e9f9bd18-0733-11e7-b5f3-f0f0e0903453'),
	(212,84,'profile00bd5ff4afcdc881','',1489330525,0,0,'/Eikona/asset/default.jpg','ed0397ea-0733-11e7-b5f3-f0f0e0903453'),
	(213,22,'profiledebc3fe33d9b47ca','',1489330546,0,0,'/Eikona/asset/default.jpg','f968852c-0733-11e7-b5f3-f0f0e0903453'),
	(214,24,'profile2e75b907c88257fe','',1489330548,0,0,'/Eikona/asset/default.jpg','fa93b4e4-0733-11e7-b5f3-f0f0e0903453'),
	(215,128,'profilef8cf30b7fd72c227','',1489330550,0,0,'/Eikona/asset/default.jpg','fbc3cbf6-0733-11e7-b5f3-f0f0e0903453'),
	(216,103,'profile36adc15c5f5dd2a2','',1489330586,0,0,'/Eikona/asset/default.jpg','113770c8-0734-11e7-b5f3-f0f0e0903453'),
	(217,121,'profile3a34e77d4b327325','',1489330601,0,0,'/Eikona/asset/default.jpg','19df26bc-0734-11e7-b5f3-f0f0e0903453'),
	(218,129,'profile5904dd56ce5908e3','',1489330609,0,0,'/Eikona/asset/default.jpg','1f07b5a0-0734-11e7-b5f3-f0f0e0903453'),
	(219,130,'profile8716a4695bd7b722','',1489330614,0,0,'/Eikona/asset/default.jpg','2217c230-0734-11e7-b5f3-f0f0e0903453'),
	(220,131,'profile2568ee03a32620b5','',1489330648,0,0,'/Eikona/asset/default.jpg','3610cda4-0734-11e7-b5f3-f0f0e0903453'),
	(221,132,'profile367a864849275ba1','',1489330655,0,0,'/Eikona/asset/default.jpg','3a1d4544-0734-11e7-b5f3-f0f0e0903453'),
	(222,133,'profile14348395f7affa6f','',1489330684,0,0,'/Eikona/asset/default.jpg','4bbc2e0a-0734-11e7-b5f3-f0f0e0903453'),
	(223,66,'profile378f661d5ddbde1e','',1489330687,0,0,'/Eikona/asset/default.jpg','4d6d655c-0734-11e7-b5f3-f0f0e0903453'),
	(224,134,'profile78f48a9816da69a9','',1489330694,0,0,'/Eikona/asset/default.jpg','515dced6-0734-11e7-b5f3-f0f0e0903453'),
	(225,47,'profilebc83b938a7895b85','',1489330705,0,0,'/Eikona/asset/default.jpg','57cadd36-0734-11e7-b5f3-f0f0e0903453'),
	(226,135,'profile3cca7817ccb3be03','',1489330713,0,0,'/Eikona/asset/default.jpg','5cfd65d0-0734-11e7-b5f3-f0f0e0903453'),
	(227,136,'profilee85b4aff3f68d674','',1489330799,0,0,'/Eikona/asset/default.jpg','90092536-0734-11e7-b5f3-f0f0e0903453'),
	(228,134,'profile4057691320dcd1da','',1489330800,0,0,'/Eikona/asset/default.jpg','908a00ac-0734-11e7-b5f3-f0f0e0903453'),
	(229,137,'profile9e2baf224d7ff901','',1489330801,0,0,'/Eikona/asset/default.jpg','910d2c16-0734-11e7-b5f3-f0f0e0903453'),
	(230,25,'profilec21727e902d5b741','',1489330804,0,0,'/Eikona/asset/default.jpg','9338d0d0-0734-11e7-b5f3-f0f0e0903453'),
	(231,138,'profile08a940e116e9fe32','',1489330863,0,0,'/Eikona/asset/default.jpg','b6556240-0734-11e7-b5f3-f0f0e0903453'),
	(232,139,'profilee630ce13df153260','',1489330869,0,0,'/Eikona/asset/default.jpg','b9f096ae-0734-11e7-b5f3-f0f0e0903453'),
	(233,140,'profilecaf54820bc5e5151','',1489330883,0,0,'/Eikona/asset/default.jpg','c2600b76-0734-11e7-b5f3-f0f0e0903453'),
	(234,96,'profileb54164a0e5559259','',1489330909,0,0,'/Eikona/asset/default.jpg','d192ab08-0734-11e7-b5f3-f0f0e0903453'),
	(235,141,'profile11d47e1e8875c49b','',1489330911,0,0,'/Eikona/asset/default.jpg','d2d39932-0734-11e7-b5f3-f0f0e0903453'),
	(236,142,'profiled97f545dac70f314','',1489330916,0,0,'/Eikona/asset/default.jpg','d5dc8e22-0734-11e7-b5f3-f0f0e0903453'),
	(237,30,'profileb63d6b9398b7f05f','',1489330920,0,0,'/Eikona/asset/default.jpg','d8098a06-0734-11e7-b5f3-f0f0e0903453'),
	(238,143,'profile21795932aefeaa7f','',1489330973,0,0,'/Eikona/asset/default.jpg','f7b05614-0734-11e7-b5f3-f0f0e0903453'),
	(239,123,'profile50b8580db7da1e1e','',1489330994,0,0,'/Eikona/asset/default.jpg','0490384a-0735-11e7-b5f3-f0f0e0903453'),
	(240,138,'profile5490b31b143855ae','',1489331007,0,0,'/Eikona/asset/default.jpg','0c48e44c-0735-11e7-b5f3-f0f0e0903453'),
	(241,144,'profile4e3875a8121672a4','',1489331025,0,0,'/Eikona/asset/default.jpg','16cf037e-0735-11e7-b5f3-f0f0e0903453'),
	(242,145,'profile54f8d9d24f89b769','',1489331094,0,0,'/Eikona/asset/default.jpg','3feaa830-0735-11e7-b5f3-f0f0e0903453'),
	(243,146,'profilee6fab591c3c1319d','',1489331095,0,0,'/Eikona/asset/default.jpg','4040a56e-0735-11e7-b5f3-f0f0e0903453'),
	(244,147,'profiled95cc0ff882a391e','',1489331096,0,0,'/Eikona/asset/default.jpg','412f1618-0735-11e7-b5f3-f0f0e0903453'),
	(245,148,'profile12e51eae292bae9d','',1489331117,0,0,'/Eikona/asset/default.jpg','4d9a53fe-0735-11e7-b5f3-f0f0e0903453'),
	(246,84,'profile37f1c2559b1a08d6','',1489331142,0,0,'/Eikona/asset/default.jpg','5c5d4978-0735-11e7-b5f3-f0f0e0903453'),
	(247,56,'profile369c2194e937e813','',1489331149,0,0,'/Eikona/asset/default.jpg','6090c90c-0735-11e7-b5f3-f0f0e0903453'),
	(248,149,'profilee37288a58784855a','',1489331151,0,0,'/Eikona/asset/default.jpg','61ca3344-0735-11e7-b5f3-f0f0e0903453'),
	(249,150,'profile48dc19ddfbae3706','',1489331200,0,0,'/Eikona/asset/default.jpg','7ecc52e2-0735-11e7-b5f3-f0f0e0903453'),
	(250,34,'profilead73bc3f40afda01','',1489331201,0,0,'/Eikona/asset/default.jpg','7fd7d8a0-0735-11e7-b5f3-f0f0e0903453'),
	(251,122,'profileccd207d1c19c8b1a','',1489331205,0,0,'/Eikona/asset/default.jpg','822e205a-0735-11e7-b5f3-f0f0e0903453'),
	(252,115,'profile088992aa59f2af8a','',1489331206,0,0,'/Eikona/asset/default.jpg','8283e31e-0735-11e7-b5f3-f0f0e0903453'),
	(253,69,'profilece0d253b8881daad','',1489331218,0,0,'/Eikona/asset/default.jpg','89e5d572-0735-11e7-b5f3-f0f0e0903453'),
	(254,151,'profilee76eade96d4ad7b7','',1489331220,0,0,'/Eikona/asset/default.jpg','8aeb7832-0735-11e7-b5f3-f0f0e0903453'),
	(255,65,'profile133a400fa960a0a1','',1489331221,0,0,'/Eikona/asset/default.jpg','8bc96520-0735-11e7-b5f3-f0f0e0903453'),
	(256,152,'profilebdba930f33cbef39','',1489331223,0,0,'/Eikona/asset/default.jpg','8d141d6c-0735-11e7-b5f3-f0f0e0903453'),
	(257,153,'profile06cf60b71bb6933b','',1489332815,0,0,'/Eikona/asset/default.jpg','41971782-0739-11e7-b5f3-f0f0e0903453'),
	(258,154,'profiletest1489345296','Profile test description',1489345296,0,0,'/Eikona/asset/default.jpg','50e4efee-0756-11e7-b5f3-f0f0e0903453'),
	(259,154,'profiletest1489345297','Profile test description',1489345297,0,0,'/Eikona/asset/default.jpg','5171db84-0756-11e7-b5f3-f0f0e0903453'),
	(260,154,'profiletest1489345298','Profile test description',1489345298,0,0,'/Eikona/asset/default.jpg','51e4c338-0756-11e7-b5f3-f0f0e0903453'),
	(261,154,'profiletest1489345430','Profile test description',1489345430,0,0,'/Eikona/asset/default.jpg','a0b88ec2-0756-11e7-b5f3-f0f0e0903453');

INSERT INTO `users` (`user_id`, `user_name`, `user_email`, `user_passwd`, `user_register_time`, `user_last_activity`, `user_moderator`, `user_admin`, `user_activated`, `user_code`, `user_key`)
VALUES
	(1,'932b3781132a87d8','932b3781132a87d8@bot.com','7c479735a2bea5a00df8b900e444349957a59b8a542f855b42a892c5ede252fd',1489323121,1489323121,0,0,1,NULL,'5d58be50-07d7-11e7-8466-481bb021958a'),
	(2,'21c6767f95cf124b','21c6767f95cf124b@bot.com','96580b13fd1207d0c31204434f4d9ca581a66151adcd224a71332076750d9052',1489323653,1489323653,0,0,1,NULL,'5d58c2a6-07d7-11e7-8466-481bb021958a'),
	(3,'6ca5d6a8ea2294a1','6ca5d6a8ea2294a1@bot.com','a3f9a4aca14b39d00acaab886f8b3abeebcd2fce15df6e6512e31c9377dcb818',1489323987,1489323987,0,0,1,NULL,'5d58c440-07d7-11e7-8466-481bb021958a'),
	(4,'239f419a2f2fb96d','239f419a2f2fb96d@bot.com','2af5e643dcb1846a52e7fe086c88346af6fd5c15c6defe6e28c0f80ca9f50a09',1489324312,1489324312,0,0,1,NULL,'5d58c5b2-07d7-11e7-8466-481bb021958a'),
	(5,'8f8fd29f259927db','8f8fd29f259927db@bot.com','743982fd394e9881219e2a75e6774ca3a968654e111d2219c71a724d04cae9dd',1489324398,1489324398,0,0,1,NULL,'5d58c71a-07d7-11e7-8466-481bb021958a'),
	(6,'07a11dca80ea3c1e','07a11dca80ea3c1e@bot.com','b7538fa090799a6a3e6aea6032052b4a2b234907265b5c4b85b7a49ad9e9a661',1489324400,1489324400,0,0,1,NULL,'5d58c882-07d7-11e7-8466-481bb021958a'),
	(7,'5c9c40aad3d9ca91','5c9c40aad3d9ca91@bot.com','8e22143281640e5e437cb75bf1725cfdb9c484eead539135ce25aac5a56c4962',1489324401,1489324401,0,0,1,NULL,'5d58c9ea-07d7-11e7-8466-481bb021958a'),
	(8,'67d4e0fa633b6996','67d4e0fa633b6996@bot.com','f7c0276f40bba700730f6c47b5be59616a00dd89cb1361b30ceef15deaeb72b7',1489324507,1489324507,0,0,1,NULL,'5d58cf26-07d7-11e7-8466-481bb021958a'),
	(9,'55ffbf32c5483c53','55ffbf32c5483c53@bot.com','9d4d01fd07a0c784c1fb3b249d1dab6639be483ea2fdd3758fe9358dcfe55e7a',1489324748,1489324748,0,0,1,NULL,'5d58d098-07d7-11e7-8466-481bb021958a'),
	(10,'096c8ed7e935d2ed','096c8ed7e935d2ed@bot.com','c142f7bfd396230e40d688776f06a71b24f6c359d9b59532e793467e279ee6cd',1489324761,1489324761,0,0,1,NULL,'5d58d200-07d7-11e7-8466-481bb021958a'),
	(11,'588bcefd6f1ff5d9','588bcefd6f1ff5d9@bot.com','fff050d1a94a5a90dac07c466e25defae75854f08f9fe35e87274ba82348b855',1489324762,1489324762,0,0,1,NULL,'5d58d35e-07d7-11e7-8466-481bb021958a'),
	(12,'39c73398653ea962','39c73398653ea962@bot.com','cd9de3e1e14f6c91573bc8630dd2fe8040068444bf61948d4f3445b6560854ea',1489324775,1489324775,0,0,1,NULL,'5d58d4bc-07d7-11e7-8466-481bb021958a'),
	(13,'a275dbd4924f22c0','a275dbd4924f22c0@bot.com','80528af7bbdc96e0d8cd8c4c50d5fcf4ae53a7377d3bfefef392ab70afbe34e4',1489324788,1489324788,0,0,1,NULL,'5d58d61a-07d7-11e7-8466-481bb021958a'),
	(14,'d40e83f9ba1e9e8e','d40e83f9ba1e9e8e@bot.com','cdbbeea9ab34618fd0ce43c2a66b4127fac039cb117f3f3f0937f15a5d581092',1489324791,1489324791,0,0,1,NULL,'5d58d76e-07d7-11e7-8466-481bb021958a'),
	(15,'b21597396b80f06a','b21597396b80f06a@bot.com','73502cab0fd40d68da809d4d9b4032a9c51fbda94ef417f19c81926384a09598',1489324803,1489324803,0,0,1,NULL,'5d58d8c2-07d7-11e7-8466-481bb021958a'),
	(16,'7f7267151e366c80','7f7267151e366c80@bot.com','e0f33b82a8d0c56f928061fa33f302e61e8db39411eab9e6a39ab20c43e574ee',1489324804,1489324804,0,0,1,NULL,'5d58da16-07d7-11e7-8466-481bb021958a'),
	(17,'17d03a9c873fdb77','17d03a9c873fdb77@bot.com','b8007a427ac429b5c8296b52f0514eed09d5eff8a10356b788cd26ab11631132',1489324829,1489324829,0,0,1,NULL,'5d58db74-07d7-11e7-8466-481bb021958a'),
	(18,'14f59f8510ca003a','14f59f8510ca003a@bot.com','268a1b6ea15882f9c30910ea3bdb298b2e60aebac707b884819af712b6005539',1489324840,1489324840,0,0,1,NULL,'5d58dcc8-07d7-11e7-8466-481bb021958a'),
	(19,'3b1f6e66e7503f25','3b1f6e66e7503f25@bot.com','bb40f20f92e50e315e36f0111abf9821f7fe8db4fe1f4bcb8f2b9febfbe902ef',1489324864,1489324864,0,0,1,NULL,'5d58de26-07d7-11e7-8466-481bb021958a'),
	(20,'143a36d82d4e0914','143a36d82d4e0914@bot.com','6481d00ae0c2227eb73bdff8af0449989c8b16f69a294b3849df08dcc67333a5',1489324865,1489324865,0,0,1,NULL,'5d58df8e-07d7-11e7-8466-481bb021958a'),
	(21,'f391712321fa683a','f391712321fa683a@bot.com','428879cf543b77f3d415490197b65074952e4d59f06b80e621a10f2f39756f44',1489324867,1489324867,0,0,1,NULL,'5d58e07e-07d7-11e7-8466-481bb021958a'),
	(22,'63f85cc262bc9609','63f85cc262bc9609@bot.com','dbcf32a4abe5f4471c07d6194708b79089bdccbf194cf9919238f3200ba28069',1489324922,1489324922,0,0,1,NULL,'5d58e164-07d7-11e7-8466-481bb021958a'),
	(23,'c930d0687d59e0b6','c930d0687d59e0b6@bot.com','cb8e334ae2de075fd144868293c5ce3873acc43a2b1b53b4716fc8397f0e2316',1489324950,1489324950,0,0,1,NULL,'5d58e240-07d7-11e7-8466-481bb021958a'),
	(24,'692cc777879eb828','692cc777879eb828@bot.com','38983eaf4ffe062fd7ea2246aeb9846cf3f4d14be91c3faefd91c15f0f2e0e1d',1489324963,1489324963,0,0,1,NULL,'5d58e326-07d7-11e7-8466-481bb021958a'),
	(25,'e3d7c26c5e77ac05','e3d7c26c5e77ac05@bot.com','015ef46e733dc04511760a9e9d5cef8eac29432a7e5376eb1deb7e1641a0e763',1489324966,1489324966,0,0,1,NULL,'5d58e402-07d7-11e7-8466-481bb021958a'),
	(26,'1ea5936dfe460632','1ea5936dfe460632@bot.com','ca5389712d0ef8238be9b5ec0acab6f5ebdf99125e49d57838dd3f37d618bc34',1489324967,1489324967,0,0,1,NULL,'5d58e4de-07d7-11e7-8466-481bb021958a'),
	(27,'6d1c9b81d450e53c','6d1c9b81d450e53c@bot.com','e9a0188bfea76679ecf01ba5d4f7368ad296857b08d5c55038ddfb8f18ee87a5',1489324976,1489324976,0,0,1,NULL,'5d58e5ba-07d7-11e7-8466-481bb021958a'),
	(28,'fa40807fd1658a77','fa40807fd1658a77@bot.com','9af8af06cfd8ddfe8f2d41a8beb5d2a263c687872735f3a1d46c534bbe2eafa7',1489324979,1489324979,0,0,1,NULL,'5d58e696-07d7-11e7-8466-481bb021958a'),
	(29,'26862fa4477e25a7','26862fa4477e25a7@bot.com','42218516745b410211ce2124e4ce859efb0ea22fb121e62ad728d703adc1af08',1489324980,1489324980,0,0,1,NULL,'5d58e772-07d7-11e7-8466-481bb021958a'),
	(30,'d0195aa7643754ff','d0195aa7643754ff@bot.com','4810ae7b0a4444037e86fa19b5f0513d58bf0db2dfe27f9a390f92f4c2a6f667',1489324985,1489324985,0,0,1,NULL,'5d58e84e-07d7-11e7-8466-481bb021958a'),
	(31,'2b23701c5927772d','2b23701c5927772d@bot.com','5274a865fcf4d184fb9b76a0d51a4f1e24684b38201ea188fffcf4e4278ba00f',1489324987,1489324987,0,0,1,NULL,'5d58e92a-07d7-11e7-8466-481bb021958a'),
	(32,'445466ca5eec1b0d','445466ca5eec1b0d@bot.com','cb206954bc3bd12090c368cd67cc0cf4d4ebe2a520e965d5170f5df0600ce5c0',1489324989,1489324989,0,0,1,NULL,'5d58ea06-07d7-11e7-8466-481bb021958a'),
	(33,'545f66647fb5a9ce','545f66647fb5a9ce@bot.com','4c13573a5d0a11ee39d360a9bf3e46a7c188ec3b1040509089b320d9d47e571c',1489325000,1489325000,0,0,1,NULL,'5d58eb1e-07d7-11e7-8466-481bb021958a'),
	(34,'14b47f878a364007','14b47f878a364007@bot.com','8de98fa2b8f1d263d9f4d3567263b406bf29e42fa45e0d560d687c9df4760219',1489325019,1489325019,0,0,1,NULL,'5d58ec0e-07d7-11e7-8466-481bb021958a'),
	(35,'e411dc7273716b5f','e411dc7273716b5f@bot.com','d9e35bbfb0888e8be4ff134d99a6d1cbcc3e405847e9a828876927728332dcce',1489325021,1489325021,0,0,1,NULL,'5d58ecea-07d7-11e7-8466-481bb021958a'),
	(36,'09c00898e951e7d9','09c00898e951e7d9@bot.com','bc138aa61b934d4049ca3a4c097d261d0cf6dde21d122a2d12735aa5db9996b2',1489325044,1489325044,0,0,1,NULL,'5d58edc6-07d7-11e7-8466-481bb021958a'),
	(37,'c42e90dbe3a1af42','c42e90dbe3a1af42@bot.com','9279362a40fe43e73e74a3804922fd0ffdf2d80a05dfd979e563dc97d4284deb',1489325090,1489325090,0,0,1,NULL,'5d58eea2-07d7-11e7-8466-481bb021958a'),
	(38,'57ac0f7b21bdff53','57ac0f7b21bdff53@bot.com','9f324c84681d6357dded846358c620daec34a9978a11bb57ff8be8613a650dd5',1489325091,1489325091,0,0,1,NULL,'5d58ef88-07d7-11e7-8466-481bb021958a'),
	(39,'0fcff0567a5fe51b','0fcff0567a5fe51b@bot.com','d5da81e61d34831489ae4c444449814cd92288937ba1582aad090ee14de7b7ca',1489325093,1489325093,0,0,1,NULL,'5d58f05a-07d7-11e7-8466-481bb021958a'),
	(40,'e286429463298a44','e286429463298a44@bot.com','94ae1f9ef0c224704a4f4b1d0fd160a90f5ba5db510653ce27633a703e0ed035',1489325095,1489325095,0,0,1,NULL,'5d58f136-07d7-11e7-8466-481bb021958a'),
	(41,'fcf589d221fcc367','fcf589d221fcc367@bot.com','bd89ef8b7ece87ed4093dd923c0a0cca33376a193504a778a68382e9c81e0a0b',1489325106,1489325106,0,0,1,NULL,'5d58f212-07d7-11e7-8466-481bb021958a'),
	(42,'b91faff492b7842e','b91faff492b7842e@bot.com','89ac184d2a4b1e8993f6c61661fd9326ed93a860d8d3cb7912197312aafdee81',1489325113,1489325113,0,0,1,NULL,'5d58f2ee-07d7-11e7-8466-481bb021958a'),
	(43,'eac8fd50640a1084','eac8fd50640a1084@bot.com','d3297520677a5566f62e6a82b0181039b5b3310a99e31f5a0c4df8cb71e06a9a',1489325129,1489325129,0,0,1,NULL,'5d58f3ca-07d7-11e7-8466-481bb021958a'),
	(44,'e2fecd88d19348d1','e2fecd88d19348d1@bot.com','1ee0cdcc236636e6bf102025b8ef3c6bd3b918498554b6c5cffea9dc89ee89cc',1489325144,1489325144,0,0,1,NULL,'5d58f4a6-07d7-11e7-8466-481bb021958a'),
	(45,'8d667affbc3d23eb','8d667affbc3d23eb@bot.com','094028cfc449f525601364b2b03b0a24698fb2824321093836c394108eaf7ee9',1489325154,1489325154,0,0,1,NULL,'5d58f582-07d7-11e7-8466-481bb021958a'),
	(46,'2f06dce1af62b2e7','2f06dce1af62b2e7@bot.com','635011f1f784510c7dc9afa33fda70254aa88602de1d985fb12f5a51dcd8f37d',1489325156,1489325156,0,0,1,NULL,'5d58f65e-07d7-11e7-8466-481bb021958a'),
	(47,'d5ddae350b3a729c','d5ddae350b3a729c@bot.com','4abc14ce685089b439a22b518377b73e3524f9b0e2dedf9437d47ae6b8725e9d',1489325171,1489325171,0,0,1,NULL,'5d58f730-07d7-11e7-8466-481bb021958a'),
	(48,'6e66213b1699f45d','6e66213b1699f45d@bot.com','75af52e0fb8cc61cce1acbcc1597963014985ba7a61eb367c1add87acf5de735',1489325173,1489325173,0,0,1,NULL,'5d58f816-07d7-11e7-8466-481bb021958a'),
	(49,'2269571264b49ff6','2269571264b49ff6@bot.com','547caf4672390a46ec859f578123224b5770abbef11c19cfaf08d51615e9e9b2',1489325174,1489325174,0,0,1,NULL,'5d58f8f2-07d7-11e7-8466-481bb021958a'),
	(50,'149b1736c9f34a26','149b1736c9f34a26@bot.com','dc0070f8896b5258df459d2cebc443a62a101657252a5d31e02bdc0705836468',1489325175,1489325175,0,0,1,NULL,'5d58f9ce-07d7-11e7-8466-481bb021958a'),
	(51,'508191a714c6f2a1','508191a714c6f2a1@bot.com','8f54da36fe465524859b26408d4ce01eeae0a746943aa8bf2ebe04a9a641a00f',1489325176,1489325176,0,0,1,NULL,'5d58faaa-07d7-11e7-8466-481bb021958a'),
	(52,'64f229b7f1b0f698','64f229b7f1b0f698@bot.com','23e6b498516551e3b57b7d25a9a062ce84d67f32599f5fbc991d563b4821cc0e',1489325184,1489325184,0,0,1,NULL,'5d58fb86-07d7-11e7-8466-481bb021958a'),
	(53,'489249d70adf6131','489249d70adf6131@bot.com','e82c343d92ac6c45c803f6885387519dfbb66b40064427c2fca6da665ab1384c',1489325193,1489325193,0,0,1,NULL,'5d58fc62-07d7-11e7-8466-481bb021958a'),
	(54,'c0d111eea155b8f8','c0d111eea155b8f8@bot.com','ce93a62c2e330c6e5f010db81a29a357b6278ee1ae5c4fef6e563939ab3475c8',1489325194,1489325194,0,0,1,NULL,'5d58fd52-07d7-11e7-8466-481bb021958a'),
	(55,'0f50f7375a414cbd','0f50f7375a414cbd@bot.com','3ffd10a811fb686c9cc078f302a37a3850517f96bf343b7db2d65252e571ab39',1489325203,1489325203,0,0,1,NULL,'5d58fe4c-07d7-11e7-8466-481bb021958a'),
	(56,'2da516e4e8db2960','2da516e4e8db2960@bot.com','b2ec479917d2d93c7695142158bdbd5c55f918807f77ed7aedd558e64e5809cb',1489325226,1489325226,0,0,1,NULL,'5d58ff32-07d7-11e7-8466-481bb021958a'),
	(57,'be46ec1b95a519de','be46ec1b95a519de@bot.com','79b2084e2f5a7512c06fea4e35cda3ebfcc993d5c9fae54f21ebc891bb2c7f75',1489325227,1489325227,0,0,1,NULL,'5d590018-07d7-11e7-8466-481bb021958a'),
	(58,'8340496d13e9625d','8340496d13e9625d@bot.com','2d6a54dc941a28a7bc06b5e84b49fbcf8e994b23746cc27113e08799969b868f',1489325260,1489325260,0,0,1,NULL,'5d5900fe-07d7-11e7-8466-481bb021958a'),
	(59,'c693314a6d345aff','c693314a6d345aff@bot.com','7d5b1c0c7d5af0dd3fb43d79c8a874c3c631f776206c53d71aaf1228bb25cf45',1489325286,1489325286,0,0,1,NULL,'5d5901e4-07d7-11e7-8466-481bb021958a'),
	(60,'23fee29aaefb2fb9','23fee29aaefb2fb9@bot.com','25bee5e393d60f7ab3d5d970594b1439a5247535d024162900c5ee2bd3fbd4e6',1489325303,1489325303,0,0,1,NULL,'5d5902ca-07d7-11e7-8466-481bb021958a'),
	(61,'a953b05c200aadde','a953b05c200aadde@bot.com','fe51ef763bab554aa302675e26fd850bb5805b1ba1a117d4eaf8263890bcf701',1489325305,1489325305,0,0,1,NULL,'5d5903b0-07d7-11e7-8466-481bb021958a'),
	(62,'85a0b27c3305695e','85a0b27c3305695e@bot.com','e2a33d4a0198979b75d80253fb4a6d615ed185e21bffe4e59a65aa00711e289e',1489325309,1489325309,0,0,1,NULL,'5d590496-07d7-11e7-8466-481bb021958a'),
	(63,'34f32551d3dd3c83','34f32551d3dd3c83@bot.com','179f1a48c9849edaccce3173a9a8094068c9f44ca62c44ea7eb13accc71fb4ad',1489329283,1489329283,0,0,1,NULL,'5d590572-07d7-11e7-8466-481bb021958a'),
	(64,'ff8edff485d0c8b6','ff8edff485d0c8b6@bot.com','d71544725ed58416be0f0802a4601a89e6cd0caa9be6195b173a9d400b1c696a',1489329469,1489329469,0,0,1,NULL,'5d59064e-07d7-11e7-8466-481bb021958a'),
	(65,'1e3e5e9d856a6fa2','1e3e5e9d856a6fa2@bot.com','c2c100b6039647f37c4e6702283ef31bec33f01472865275c595d8edc2901ca6',1489329589,1489329589,0,0,1,NULL,'5d590c8e-07d7-11e7-8466-481bb021958a'),
	(66,'6b0e3fb2687b053f','6b0e3fb2687b053f@bot.com','fcfaca5ceb73b52e1f8808693c8023dff97209bde06462ca34225723e8c87281',1489329615,1489329615,0,0,1,NULL,'5d590d7e-07d7-11e7-8466-481bb021958a'),
	(67,'a5ffd9e66bcc4990','a5ffd9e66bcc4990@bot.com','f101e950869335ad0644817ba4a7adca188b1f85ccacfe09bd62dd6e8fa209ea',1489329616,1489329616,0,0,1,NULL,'5d590e64-07d7-11e7-8466-481bb021958a'),
	(68,'2a5de7bea56b69dc','2a5de7bea56b69dc@bot.com','e0b8dbd03c47e66d647c6ceaed2bbe75e5d6cdf99fa39b45cb7ed8dfcc60db41',1489329629,1489329629,0,0,1,NULL,'5d590f40-07d7-11e7-8466-481bb021958a'),
	(69,'916ee1373542b0f6','916ee1373542b0f6@bot.com','eef40951ca9da06fbac34f28200d7cc84c0b3108cb299cc66a712e4d3726c6fb',1489329633,1489329633,0,0,1,NULL,'5d59101c-07d7-11e7-8466-481bb021958a'),
	(70,'b219fa895a2c98da','b219fa895a2c98da@bot.com','660c687c6552cb18f05aeff77230e014219aab23a08a26f5f65414e244920cd3',1489329634,1489329634,0,0,1,NULL,'5d59110c-07d7-11e7-8466-481bb021958a'),
	(71,'a12f8b0b72678508','a12f8b0b72678508@bot.com','878ef756912c79dfcf92567e4da8c889b60a7dd66dbb471d9afd7575c57311a1',1489329647,1489329647,0,0,1,NULL,'5d5911e8-07d7-11e7-8466-481bb021958a'),
	(72,'bff71ec42c7451ee','bff71ec42c7451ee@bot.com','d0f7a52d427aa09a01091cfff59010e7a5a5a813cd05d27390c01954d49f632c',1489329652,1489329652,0,0,1,NULL,'5d5912ce-07d7-11e7-8466-481bb021958a'),
	(73,'c95dfdea29e87883','c95dfdea29e87883@bot.com','e069de0f78d1ede5ca5ee622ed5774b5db3381d2f1e612fc89c4bf7a33923672',1489329657,1489329657,0,0,1,NULL,'5d5913aa-07d7-11e7-8466-481bb021958a'),
	(74,'9601ac6c777a68fd','9601ac6c777a68fd@bot.com','f646247aa48a94afdf5c740ba0b7145a661ee15d551d9a573495eecd3ca3d637',1489329692,1489329692,0,0,1,NULL,'5d591be8-07d7-11e7-8466-481bb021958a'),
	(75,'6fa8d033bf9d3e35','6fa8d033bf9d3e35@bot.com','bd17c89c45cefd00cfc7adc761734241946d0d8ee985033131f7d43f1ad10e59',1489329705,1489329705,0,0,1,NULL,'5d591d64-07d7-11e7-8466-481bb021958a'),
	(76,'396ca5d0129027fd','396ca5d0129027fd@bot.com','efebd91c65157640d0d5628c6106a332be601e65b361eeac8f57cf73e75e682c',1489329714,1489329714,0,0,1,NULL,'5d591e68-07d7-11e7-8466-481bb021958a'),
	(77,'73b29a474c9d3010','73b29a474c9d3010@bot.com','6a86926edfc18aabfb5fff0a94dcea5b988114140f55d6a2bea0fa1a4237ba2a',1489329742,1489329742,0,0,1,NULL,'5d591f58-07d7-11e7-8466-481bb021958a'),
	(78,'1c1702ef0cdfaa38','1c1702ef0cdfaa38@bot.com','7fe5bb9b381039568cce6d4dc998cbddfebdaae7227c5cc8255f4f8fb31ada19',1489329743,1489329743,0,0,1,NULL,'5d59203e-07d7-11e7-8466-481bb021958a'),
	(79,'c927253fbe50e2f1','c927253fbe50e2f1@bot.com','0d0ce383de9f71df1babe935034bee8d7f387e46513b307d826d61f1b6e462c2',1489329749,1489329749,0,0,1,NULL,'5d59211a-07d7-11e7-8466-481bb021958a'),
	(80,'26432a318b85e217','26432a318b85e217@bot.com','427684f92e600bea8194d91a1a4b78ba3ab399e2765e6256b58c8b31f3275d94',1489329750,1489329750,0,0,1,NULL,'5d592200-07d7-11e7-8466-481bb021958a'),
	(81,'a8f5b54f6df7032f','a8f5b54f6df7032f@bot.com','be21b2611a540fe014f3574eef29a250545dbbd1b0406dd5c2357bdcdeef16fd',1489329781,1489329781,0,0,1,NULL,'5d592854-07d7-11e7-8466-481bb021958a'),
	(82,'514ae62b22cdef06','514ae62b22cdef06@bot.com','71197a7419d72084fa74066c0b202f2bdea8410e775ce31b589fb3f60c588d31',1489329836,1489329836,0,0,1,NULL,'5d59294e-07d7-11e7-8466-481bb021958a'),
	(83,'67afeb4e25be87d5','67afeb4e25be87d5@bot.com','6e3e6f868fcf809e9836f0cf9e9ee90b8a7458c58850ff5baa98992693bdbdeb',1489329837,1489329837,0,0,1,NULL,'5d592a34-07d7-11e7-8466-481bb021958a'),
	(84,'5c995951bc4915ee','5c995951bc4915ee@bot.com','2a9fa6b4be1d268efb4c6e34f404d36553ab4d79104861c9f70ee414991a8460',1489329851,1489329851,0,0,1,NULL,'5d592b10-07d7-11e7-8466-481bb021958a'),
	(85,'c80ade069a79e88a','c80ade069a79e88a@bot.com','ac4eee4a2cc180e0f2b23f94b799328fe3700f20c27ad7bf7e0fe3deb5655fbf',1489329854,1489329854,0,0,1,NULL,'5d592bf6-07d7-11e7-8466-481bb021958a'),
	(86,'38e8b232d0396fcd','38e8b232d0396fcd@bot.com','d4aaadf028e3b352024328eef55c602b3c6b1ef598853a1015f20a09d2c3479d',1489329865,1489329865,0,0,1,NULL,'5d592cdc-07d7-11e7-8466-481bb021958a'),
	(87,'565a4b41b3b8105a','565a4b41b3b8105a@bot.com','c766c0b01a18a253a548886f65e9070a311ed97f35b46c8030712de320e009e4',1489329889,1489329889,0,0,1,NULL,'5d59331c-07d7-11e7-8466-481bb021958a'),
	(88,'14b19a3f60df1e04','14b19a3f60df1e04@bot.com','9628ed5ce23846cb53cfdac6bc07adfe56b39aa23ac6e8c87a5c48a030ce5ac1',1489329939,1489329939,0,0,1,NULL,'5d593416-07d7-11e7-8466-481bb021958a'),
	(89,'97ed16df0bf289ef','97ed16df0bf289ef@bot.com','76274209e6a3dc5bd99e77dedcdadd1ee610db955db30c09f885c12f5ca940a4',1489329941,1489329941,0,0,1,NULL,'5d5934fc-07d7-11e7-8466-481bb021958a'),
	(90,'7ca87bf3dee87040','7ca87bf3dee87040@bot.com','45f4c1e1dd9d93c554a96d40eca97163869c6e8194ebce0ab967bf6cbfc12145',1489329981,1489329981,0,0,1,NULL,'5d5935e2-07d7-11e7-8466-481bb021958a'),
	(91,'66235514abf5fab5','66235514abf5fab5@bot.com','42566ad39f8a2b6aaed1ac47a840decd6df5c3fb0ed2be60c39a2162ac6d010d',1489330012,1489330012,0,0,1,NULL,'5d5936be-07d7-11e7-8466-481bb021958a'),
	(92,'59209aec7903cf25','59209aec7903cf25@bot.com','9e06dd53e24de6e35f798faea07e403cb786a05e0627ce6ce5d3c3b13da30f78',1489330026,1489330026,0,0,1,NULL,'5d593d08-07d7-11e7-8466-481bb021958a'),
	(93,'5220535057e4d198','5220535057e4d198@bot.com','264c137c8b3bc1f3560eaf7ca38c2012e918f044d770a4b0ba9e6d7960268427',1489330036,1489330036,0,0,1,NULL,'5d593df8-07d7-11e7-8466-481bb021958a'),
	(94,'637a805010f2d7c6','637a805010f2d7c6@bot.com','d3fcb2cbd716186241e9a58e5d785ec72d6e253e13fccd6ae25a3a2293611604',1489330037,1489330037,0,0,1,NULL,'5d593ede-07d7-11e7-8466-481bb021958a'),
	(95,'9f3334472e4a2308','9f3334472e4a2308@bot.com','97dec2e47da5f814a09f79bed261c609e3ae6df869170430c92bad27bb6175f1',1489330058,1489330058,0,0,1,NULL,'5d593fba-07d7-11e7-8466-481bb021958a'),
	(96,'3e830b86780250e9','3e830b86780250e9@bot.com','32118e75a742267304d40dd4cc90a0c312e8f070022f787978afe61b22539b51',1489330083,1489330083,0,0,1,NULL,'5d5945fa-07d7-11e7-8466-481bb021958a'),
	(97,'31d7a711247d8faf','31d7a711247d8faf@bot.com','926c621039c914a596b81f1c237ce8ba84a1496cd70a72c94926aee22b728322',1489330085,1489330085,0,0,1,NULL,'5d5946f4-07d7-11e7-8466-481bb021958a'),
	(98,'18e572059bba2665','18e572059bba2665@bot.com','c73b7a655d0d0ad328474fc9bfdebc5f1d9381525c721290a8093bea9c09acbc',1489330089,1489330089,0,0,1,NULL,'5d5954b4-07d7-11e7-8466-481bb021958a'),
	(99,'c9be88b54b081d9a','c9be88b54b081d9a@bot.com','8fb8d93df30cbe79c6ffc6b5b0b5c3211c3dd37dd61c93c40b3ea84fb9ce5a2e',1489330124,1489330124,0,0,1,NULL,'5d595ba8-07d7-11e7-8466-481bb021958a'),
	(100,'c3e34e891909ec96','c3e34e891909ec96@bot.com','dbacd321ceac1abd5d152b8d435a70ddd542b87d2c5d880e0f2abb837e3fdc61',1489330147,1489330147,0,0,1,NULL,'5d595d1a-07d7-11e7-8466-481bb021958a'),
	(101,'0c9094efe2ba8391','0c9094efe2ba8391@bot.com','08647f81a74ac2d16379dbe04d3baab81a82916c7f56abe849aa47adb7e4c682',1489330160,1489330160,0,0,1,NULL,'5d5963dc-07d7-11e7-8466-481bb021958a'),
	(102,'024c56f66edceeaf','024c56f66edceeaf@bot.com','fbc27e57759d427973a9a51bb29abf85c25eecf461a979bf62aa15a9c16c7a3d',1489330171,1489330171,0,0,1,NULL,'5d596544-07d7-11e7-8466-481bb021958a'),
	(103,'29a963c499b2e06a','29a963c499b2e06a@bot.com','40c1c8a851111cf0f7a9d8963f9604e12bb8bcfa5a43b4f85fba290bdebbae5f',1489330194,1489330194,0,0,1,NULL,'5d596bfc-07d7-11e7-8466-481bb021958a'),
	(104,'822c4c989b88751b','822c4c989b88751b@bot.com','fe596fad0cbcc240d3cdcb2b4e05cc38e8d5c4ae40b0d0e5007838095894051f',1489330208,1489330208,0,0,1,NULL,'5d5972c8-07d7-11e7-8466-481bb021958a'),
	(105,'bdcdb0cc81d477d7','bdcdb0cc81d477d7@bot.com','a04759473aba644fe2d524ababb2acbf3aa2858151e2efe6689dc746b5abbf8a',1489330210,1489330210,0,0,1,NULL,'5d597994-07d7-11e7-8466-481bb021958a'),
	(106,'64de36f037dbb8fa','64de36f037dbb8fa@bot.com','d6aadff53a0c2cb2f8f7db7d03e0fb16c0559f0b942f092376fe363d0474f4d4',1489330211,1489330211,0,0,1,NULL,'5d598664-07d7-11e7-8466-481bb021958a'),
	(107,'e83078d2ef5f3641','e83078d2ef5f3641@bot.com','e22e8dc347d185f973861731452b2234cc7001b3967076f1558431a1c43af4cb',1489330212,1489330212,0,0,1,NULL,'5d599104-07d7-11e7-8466-481bb021958a'),
	(108,'726300a5148b2ace','726300a5148b2ace@bot.com','22bf9ff14ef6c5170f02f10300027535f8edd5c501e79698f9d93434efce12b9',1489330223,1489330223,0,0,1,NULL,'5d599294-07d7-11e7-8466-481bb021958a'),
	(109,'020fd51b6fceb0a3','020fd51b6fceb0a3@bot.com','2c658c6e0d7fd509fcdde0d90f152e36695cf8e0f9836fea72ab7a82693c6355',1489330249,1489330249,0,0,1,NULL,'5d599492-07d7-11e7-8466-481bb021958a'),
	(110,'e02b3884ac2bb910','e02b3884ac2bb910@bot.com','d627b38a11af364453bb05f786196dc88058a9a97292532e6fdfc81d3c40fc77',1489330261,1489330261,0,0,1,NULL,'5d599618-07d7-11e7-8466-481bb021958a'),
	(111,'3eebbfbc8fca0073','3eebbfbc8fca0073@bot.com','7933bd76073028480c23cdb4a3951e07b78267604b7fd1f20e853b8b8e9ee6ba',1489330264,1489330264,0,0,1,NULL,'5d59978a-07d7-11e7-8466-481bb021958a'),
	(112,'314754c338e15363','314754c338e15363@bot.com','9e83bb6a747f8f4752802458dc7ce7c05a653818179c6013b137d60190750dba',1489330273,1489330273,0,0,1,NULL,'5d599906-07d7-11e7-8466-481bb021958a'),
	(113,'5a7c103ff920be3c','5a7c103ff920be3c@bot.com','7c74466f6df62036ff4a86daca0411ad6910657419caaff5aeef6bf235a9a3f3',1489330314,1489330314,0,0,1,NULL,'5d599a82-07d7-11e7-8466-481bb021958a'),
	(114,'98de35cbed7bb63d','98de35cbed7bb63d@bot.com','97348090d44b6ae25aa87082f6589515acc04c71dbd77a941b621324bfe42e5d',1489330317,1489330317,0,0,1,NULL,'5d599c08-07d7-11e7-8466-481bb021958a'),
	(115,'73f06033586614e3','73f06033586614e3@bot.com','98d3452b0ad3a90032fb42a33d650c9236d5399ff5b0841fefedb374a666fe19',1489330353,1489330353,0,0,1,NULL,'5d599d84-07d7-11e7-8466-481bb021958a'),
	(116,'9ac7c0d331bfc71f','9ac7c0d331bfc71f@bot.com','adb7745597ce7bb96b6d1a71d712a5d0bba5c6320563b0f0d8860722a9af1ed2',1489330355,1489330355,0,0,1,NULL,'5d599f00-07d7-11e7-8466-481bb021958a'),
	(117,'39876a3dd90e8f8d','39876a3dd90e8f8d@bot.com','4b9cc82831b993fd6adc692d515946bca365c24810972b7d4816744e7134f4ca',1489330373,1489330373,0,0,1,NULL,'5d59a072-07d7-11e7-8466-481bb021958a'),
	(118,'455f85d4c5dacbeb','455f85d4c5dacbeb@bot.com','7ababe78cacb8e682968caeb33f87365d7115f3343a1fbda3b137f477afbd472',1489330387,1489330387,0,0,1,NULL,'5d59a1e4-07d7-11e7-8466-481bb021958a'),
	(119,'cf5bcbd4db24ef56','cf5bcbd4db24ef56@bot.com','3dfb48d0853051cdeae196f53adbdbf0adf2ed11c830a2132790f634e9eaa2b2',1489330414,1489330414,0,0,1,NULL,'5d59a360-07d7-11e7-8466-481bb021958a'),
	(120,'be735f34056d43f4','be735f34056d43f4@bot.com','f2f2d914cf2830284c4f8a5b8ba5724b0bd6ae8724a6bb87d3b29d93c8ef6c8e',1489330435,1489330435,0,0,1,NULL,'5d59a4d2-07d7-11e7-8466-481bb021958a'),
	(121,'7394a923d1049240','7394a923d1049240@bot.com','dd163de5c9a881e1537e226b4aaaba5a9c46de549f4a2f107ee038368991b874',1489330446,1489330446,0,0,1,NULL,'5d59a64e-07d7-11e7-8466-481bb021958a'),
	(122,'3fe1009bc1c445ce','3fe1009bc1c445ce@bot.com','0bddf01b916d6217267452c84ab47b4d8adb3dba53d9c4bc4e9e4dcb79d81895',1489330468,1489330468,0,0,1,NULL,'5d59a7c0-07d7-11e7-8466-481bb021958a'),
	(123,'e0e6dc2d32751fe7','e0e6dc2d32751fe7@bot.com','f6c8fe197d630f6f375d348a590a22dc2403660203dfd5baf233329e7e6310c2',1489330491,1489330491,0,0,1,NULL,'5d59a93c-07d7-11e7-8466-481bb021958a'),
	(124,'d72adfd5902213e1','d72adfd5902213e1@bot.com','887e5559021ced10807028315ea31b16954d8babee76ece09730d4baa0e34dd3',1489330494,1489330494,0,0,1,NULL,'5d59aab8-07d7-11e7-8466-481bb021958a'),
	(125,'1c4284714180340d','1c4284714180340d@bot.com','5761e0f620fc7cdc495290006953a08163f97207ec99b45c459eddabafeb13fb',1489330511,1489330511,0,0,1,NULL,'5d59ac2a-07d7-11e7-8466-481bb021958a'),
	(126,'8aac20738cd5f182','8aac20738cd5f182@bot.com','c1afe3b2a80e8ff5ef101f8d58cdc3633f17f591bd94c7ffcc81ce0f63bbf5d8',1489330513,1489330513,0,0,1,NULL,'5d59ad9c-07d7-11e7-8466-481bb021958a'),
	(127,'6224132183860028','6224132183860028@bot.com','4703d6e49d570f5bf78ef02e8e9b54a938ca64a34ca62c0b7adb1d7f88fdb715',1489330520,1489330520,0,0,1,NULL,'5d59af18-07d7-11e7-8466-481bb021958a'),
	(128,'f8cf30b7fd72c227','f8cf30b7fd72c227@bot.com','89cb51613efcbf0cfecec02cbf532364cb0ff1c53b89c1e903444e19a4df926d',1489330550,1489330550,0,0,1,NULL,'5d59b094-07d7-11e7-8466-481bb021958a'),
	(129,'5904dd56ce5908e3','5904dd56ce5908e3@bot.com','9cd3372fbe068c36ec6397f189cb204f9a2d8459df26e33c03af3fd29c0f576d',1489330609,1489330609,0,0,1,NULL,'5d59b206-07d7-11e7-8466-481bb021958a'),
	(130,'8716a4695bd7b722','8716a4695bd7b722@bot.com','b280e8953488fbae5e7d30d637bd357e5e1005906f6c4441333dd39dcf0d9f15',1489330614,1489330614,0,0,1,NULL,'5d59b378-07d7-11e7-8466-481bb021958a'),
	(131,'2568ee03a32620b5','2568ee03a32620b5@bot.com','8b79ef436455ae386a3f20ad0141cde961b2b08e167dfa43b5cb8f5ab6cf8436',1489330648,1489330648,0,0,1,NULL,'5d59b47c-07d7-11e7-8466-481bb021958a'),
	(132,'367a864849275ba1','367a864849275ba1@bot.com','ccbd916bf7e275aaed026efda55d11a83be1e4b953cf4bdeaf093b6d01c6c1ec',1489330655,1489330655,0,0,1,NULL,'5d59b576-07d7-11e7-8466-481bb021958a'),
	(133,'14348395f7affa6f','14348395f7affa6f@bot.com','f6ce1ad32a1938a8511191a38b8ccbc85cad9e6bed9818145f4c538d2f6e1d00',1489330684,1489330684,0,0,1,NULL,'5d59b670-07d7-11e7-8466-481bb021958a'),
	(134,'78f48a9816da69a9','78f48a9816da69a9@bot.com','be929f410f0a64342343c7943b6be3213c67c101bab42804d8810851258db80e',1489330694,1489330694,0,0,1,NULL,'5d59b760-07d7-11e7-8466-481bb021958a'),
	(135,'3cca7817ccb3be03','3cca7817ccb3be03@bot.com','fcc3cea2873237c824fd7f7863198175e140ce725fb55b548d0fabbcd13dfdd9',1489330713,1489330713,0,0,1,NULL,'5d59b850-07d7-11e7-8466-481bb021958a'),
	(136,'e85b4aff3f68d674','e85b4aff3f68d674@bot.com','f0dba571b20918d1dd0ebad017808d806563692f1b7edae656b0f256c3671c4b',1489330799,1489330799,0,0,1,NULL,'5d59b940-07d7-11e7-8466-481bb021958a'),
	(137,'9e2baf224d7ff901','9e2baf224d7ff901@bot.com','c1dbfb95f9e2eaa19cbac0a15ea29609061984c7e09aeb8c3718586b3d830601',1489330801,1489330801,0,0,1,NULL,'5d59ba3a-07d7-11e7-8466-481bb021958a'),
	(138,'08a940e116e9fe32','08a940e116e9fe32@bot.com','1f7760b5b29ebfba8bf3e8df45ee0a31ed6bab40728b3720ef0509f876b3ac7a',1489330863,1489330863,0,0,1,NULL,'5d59bb20-07d7-11e7-8466-481bb021958a'),
	(139,'e630ce13df153260','e630ce13df153260@bot.com','16aa67dbefc4639ffa7b5ac8627e699ace329b26f9d3392ba90730c582f0797f',1489330869,1489330869,0,0,1,NULL,'5d59bc1a-07d7-11e7-8466-481bb021958a'),
	(140,'caf54820bc5e5151','caf54820bc5e5151@bot.com','eee7b823e2f086202b6619f105034cec386071cb970f00cc24c117bc436cae76',1489330883,1489330883,0,0,1,NULL,'5d59bd0a-07d7-11e7-8466-481bb021958a'),
	(141,'11d47e1e8875c49b','11d47e1e8875c49b@bot.com','be3a6cf9d157777b9f0f90af0330c0225fe9615aa3a04b07cfeac71130d6c5b0',1489330911,1489330911,0,0,1,NULL,'5d59bdfa-07d7-11e7-8466-481bb021958a'),
	(142,'d97f545dac70f314','d97f545dac70f314@bot.com','0596db325a5b4de7c0f4b673c51130a697125cd56611760f72e26b4367b79efa',1489330916,1489330916,0,0,1,NULL,'5d59bef4-07d7-11e7-8466-481bb021958a'),
	(143,'21795932aefeaa7f','21795932aefeaa7f@bot.com','1bbde86e7fcad2157e6ea492d4d06cfc306bf1e7e66122d5a4982a458aa19894',1489330973,1489330973,0,0,1,NULL,'5d59bfe4-07d7-11e7-8466-481bb021958a'),
	(144,'4e3875a8121672a4','4e3875a8121672a4@bot.com','a94948e0e3c9301f6301de484954e4ab5a555c43a9ac398b0b09b2839f0a744f',1489331025,1489331025,0,0,1,NULL,'5d59c0d4-07d7-11e7-8466-481bb021958a'),
	(145,'54f8d9d24f89b769','54f8d9d24f89b769@bot.com','63414508a62320d55da2edc864654e13887d3a724ea547092ef09bd38cb6dd7c',1489331094,1489331094,0,0,1,NULL,'5d59c1c4-07d7-11e7-8466-481bb021958a'),
	(146,'e6fab591c3c1319d','e6fab591c3c1319d@bot.com','c3f63ff50ec86eec5f483620aebc782e27b81f012c8f2de4610921f6477b819b',1489331095,1489331095,0,0,1,NULL,'5d59c2b4-07d7-11e7-8466-481bb021958a'),
	(147,'d95cc0ff882a391e','d95cc0ff882a391e@bot.com','c320bfcb55dfa908c51e0ca47bb412c5ca7845469cf1bba7f8eb1b68f7f5d827',1489331096,1489331096,0,0,1,NULL,'5d59c3ae-07d7-11e7-8466-481bb021958a'),
	(148,'12e51eae292bae9d','12e51eae292bae9d@bot.com','d32dc3b2aac350ca0481a16fd51c946bd47246cdea723810bdf3a309a5808b5f',1489331117,1489331117,0,0,1,NULL,'5d59c49e-07d7-11e7-8466-481bb021958a'),
	(149,'e37288a58784855a','e37288a58784855a@bot.com','52f97e9d29e795bd2f4c05a595e07d9b230cc2416f8a2c75f3843a9bae36f71e',1489331151,1489331151,0,0,1,NULL,'5d59c58e-07d7-11e7-8466-481bb021958a'),
	(150,'38de058aa49cd9d4','38de058aa49cd9d4@bot.com','b5df72bfa9d967809922bd7fda95b80fb0b2e0d3b4307cd530e344756802aeed',1489331199,1489331199,0,0,1,NULL,'5d59c688-07d7-11e7-8466-481bb021958a'),
	(151,'e76eade96d4ad7b7','e76eade96d4ad7b7@bot.com','1164c63a90dd81c945deeed5e1d560f93a82179b1af7f328c37d6a122f6262bd',1489331220,1489331220,0,0,1,NULL,'5d59c782-07d7-11e7-8466-481bb021958a'),
	(152,'bdba930f33cbef39','bdba930f33cbef39@bot.com','18c6c9dc6483d15bf70f7a9cfe0236b8512fa8ac2211c95646164cdbe265695a',1489331223,1489331223,0,0,1,NULL,'5d59c87c-07d7-11e7-8466-481bb021958a'),
	(153,'06cf60b71bb6933b','06cf60b71bb6933b@bot.com','3e69ee38fc39fbc1c2c87975bbe19a60f2dde163426525ecc795edc8b7ae6ef6',1489332815,1489332815,0,0,1,NULL,'5d59c976-07d7-11e7-8466-481bb021958a'),
	(154,'TestAccount 1489345290','test1489345289@test.fr','c775e7b757ede630cd0aa1113bd102661ab38829ca52a6422ab782862f268646',1489345289,1489345289,0,0,1,NULL,'5d59ca70-07d7-11e7-8466-481bb021958a'),
	(155,'TestAccount 1489401044','test1489401044@test.fr','c775e7b757ede630cd0aa1113bd102661ab38829ca52a6422ab782862f268646',1489401044,1489401044,0,0,1,NULL,'1d394028-07d8-11e7-8466-481bb021958a'),
	(156,'TestAccount 1489402314','test1489402314@test.fr','c775e7b757ede630cd0aa1113bd102661ab38829ca52a6422ab782862f268646',1489402314,1489402314,0,0,1,NULL,'125e800c-07db-11e7-8466-481bb021958a');

/*!40111 SET SQL_NOTES=@OLD_SQL_NOTES */;
/*!40101 SET SQL_MODE=@OLD_SQL_MODE */;
/*!40014 SET FOREIGN_KEY_CHECKS=@OLD_FOREIGN_KEY_CHECKS */;
/*!40101 SET CHARACTER_SET_CLIENT=@OLD_CHARACTER_SET_CLIENT */;
/*!40101 SET CHARACTER_SET_RESULTS=@OLD_CHARACTER_SET_RESULTS */;
/*!40101 SET COLLATION_CONNECTION=@OLD_COLLATION_CONNECTION */;
